event_date,event
1997-01-06,1
1997-01-15,1
1997-01-22,1
1997-02-24,1
1997-03-05,1
1997-04-05,1
1997-04-08,1
1997-06-01,1
1997-06-16,1
1997-07-02,1
1997-07-13,1
1997-09-07,1
1997-09-15,1
1997-11-12,1
1997-11-20,1
1997-11-26,1
1997-12-01,1
1997-12-02,1
1998-02-14,1
1998-03-07,1
1998-03-15,1
1998-03-24,1
1998-04-06,1
1998-06-04,1
1998-06-13,1
1998-06-16,1
1998-06-19,1
1998-06-21,1
1998-06-30,1
1998-07-11,1
1998-07-24,1
1998-07-31,1
1998-08-23,1
1998-12-21,1
1999-01-11,1
1999-01-13,1
1999-01-20,1
1999-01-21,1
1999-02-08,1
1999-02-11,1
1999-04-07,1
1999-04-25,1
1999-05-12,1
1999-06-02,1
1999-06-04,1
1999-06-17,1
1999-06-29,1
1999-07-01,2
1999-07-02,1
1999-07-15,1
1999-08-01,1
1999-08-11,1
1999-09-10,1
1999-09-16,1
1999-09-21,1
1999-10-04,1
1999-10-15,1
1999-10-28,1
1999-11-04,1
1999-11-15,1
1999-11-23,1
1999-12-01,5
1999-12-14,1
1999-12-27,1
2000-01-05,1
2000-01-09,1
2000-02-05,1
2000-02-08,1
2000-03-04,1
2000-03-14,1
2000-03-21,1
2000-03-30,1
2000-04-02,1
2000-04-10,1
2000-04-14,1
2000-04-18,1
2000-04-21,1
2000-04-23,1
2000-05-01,5
2000-05-09,1
2000-05-11,1
2000-05-16,1
2000-05-19,2
2000-05-21,1
2000-05-23,1
2000-05-24,1
2000-06-01,2
2000-06-03,1
2000-06-04,2
2000-06-12,1
2000-06-14,1
2000-06-18,1
2000-06-22,1
2000-07-01,1
2000-07-03,1
2000-07-26,1
2000-08-03,1
2000-08-12,1
2000-08-28,1
2000-08-29,1
2000-09-01,1
2000-09-05,1
2000-09-09,2
2000-09-11,1
2000-09-12,1
2000-09-15,1
2000-10-05,1
2000-10-07,1
2000-10-15,1
2000-10-19,1
2000-10-22,1
2000-11-10,1
2000-11-11,1
2000-11-21,2
2000-12-05,1
2001-01-25,1
2001-01-27,1
2001-03-04,2
2001-03-13,1
2001-03-15,1
2001-03-17,1
2001-03-20,1
2001-03-23,1
2001-04-06,1
2001-04-15,1
2001-04-18,1
2001-05-02,1
2001-05-11,1
2001-05-15,1
2001-05-17,1
2001-05-21,1
2001-05-24,1
2001-06-11,1
2001-06-19,1
2001-06-22,1
2001-06-29,1
2001-06-30,1
2001-07-04,1
2001-07-12,1
2001-07-25,1
2001-07-27,2
2001-08-20,1
2001-08-22,1
2001-09-24,1
2001-09-26,1
2001-10-02,1
2001-10-08,2
2001-10-10,1
2001-11-04,1
2001-11-08,1
2001-11-20,1
2001-11-21,1
2001-12-04,1
2001-12-06,1
2001-12-20,1
2001-12-26,1
2002-01-02,2
2002-01-26,1
2002-01-27,2
2002-02-01,3
2002-02-04,1
2002-02-08,1
2002-02-09,1
2002-02-15,1
2002-02-16,1
2002-02-23,1
2002-03-02,1
2002-03-03,1
2002-03-06,1
2002-03-16,1
2002-03-18,1
2002-04-01,1
2002-04-03,1
2002-06-15,2
2002-06-17,1
2002-07-20,1
2002-07-25,1
2002-08-16,1
2002-09-18,1
2002-09-23,1
2002-09-25,1
2002-10-01,1
2002-10-04,1
2002-10-25,1
2002-10-26,1
2002-11-03,1
2003-01-04,1
2003-01-24,1
2003-01-30,1
2003-02-01,1
2003-02-03,1
2003-02-11,1
2003-03-03,1
2003-03-19,1
2003-04-26,1
2003-05-03,1
2003-05-09,1
2003-05-21,1
2003-05-26,1
2003-06-15,1
2003-06-22,1
2003-06-24,1
2003-06-27,1
2003-06-30,1
2003-07-04,1
2003-07-13,1
2003-07-15,2
2003-08-09,1
2003-09-15,1
2003-09-23,1
2003-10-26,1
2003-10-30,1
2003-11-18,1
2003-11-21,1
2003-11-25,1
2003-12-03,1
2003-12-08,1
2003-12-21,1
2003-12-22,1
2004-01-05,1
2004-01-14,1
2004-01-30,1
2004-02-02,1
2004-03-03,1
2004-03-15,1
2004-03-18,1
2004-03-24,2
2004-04-03,2
2004-04-07,2
2004-04-08,1
2004-04-24,1
2004-04-26,2
2004-05-02,1
2004-05-03,1
2004-05-08,1
2004-05-21,1
2004-05-22,1
2004-06-12,1
2004-06-14,1
2004-06-15,1
2004-06-17,1
2004-07-23,1
2004-07-24,1
2004-07-28,1
2004-08-11,1
2004-08-16,1
2004-08-24,1
2004-08-31,4
2004-09-17,1
2004-09-24,1
2004-09-26,2
2004-09-27,1
2004-10-04,1
2004-11-01,1
2004-11-15,1
2004-11-26,1
2004-11-29,1
2004-11-30,1
2004-12-01,1
2004-12-02,1
2004-12-06,1
2004-12-07,1
2005-01-10,1
2005-01-13,1
2005-01-14,1
2005-01-15,1
2005-01-18,1
2005-02-07,1
2005-02-09,1
2005-02-20,1
2005-03-12,1
2005-03-24,2
2005-03-30,1
2005-03-31,1
2005-04-04,1
2005-04-09,1
2005-04-14,1
2005-04-16,1
2005-04-18,2
2005-04-23,1
2005-05-31,1
2005-06-21,1
2005-06-23,1
2005-07-09,1
2005-08-15,1
2005-09-10,1
2005-10-06,1
2005-10-07,1
2005-10-31,1
2005-11-02,1
2005-11-15,1
2005-11-16,2
2005-12-16,2
2005-12-19,1
2006-01-12,1
2006-01-14,1
2006-02-04,1
2006-02-13,1
2006-02-14,1
2006-03-12,1
2006-03-13,1
2006-03-14,1
2006-03-24,1
2006-03-26,1
2006-04-03,1
2006-04-11,1
2006-04-15,1
2006-05-04,1
2006-05-06,1
2006-05-09,1
2006-05-10,1
2006-05-11,1
2006-05-12,2
2006-05-13,1
2006-05-14,1
2006-05-16,1
2006-06-01,1
2006-06-08,1
2006-06-12,3
2006-06-13,1
2006-06-18,1
2006-07-01,1
2006-07-26,1
2006-09-19,1
2006-10-02,1
2006-10-04,1
2006-10-22,1
2006-11-09,1
2006-11-10,2
2006-11-27,1
2006-12-31,1
2007-01-08,1
2007-01-10,1
2007-01-15,1
2007-01-16,1
2007-01-19,1
2007-01-21,1
2007-01-24,1
2007-02-02,2
2007-02-13,2
2007-02-21,1
2007-03-01,1
2007-03-05,1
2007-03-21,1
2007-04-07,2
2007-04-19,1
2007-04-23,1
2007-04-27,1
2007-05-03,2
2007-05-11,2
2007-05-24,1
2007-05-30,1
2007-06-03,1
2007-06-11,1
2007-07-23,1
2007-07-30,1
2007-08-01,3
2007-08-07,1
2007-08-09,1
2007-08-21,1
2007-08-24,2
2007-09-07,1
2007-09-09,1
2007-09-10,1
2007-09-11,1
2007-09-15,1
2007-10-04,1
2007-10-08,1
2007-10-15,2
2007-10-29,1
2007-10-30,1
2007-11-07,1
2007-11-10,1
2007-11-11,1
2007-11-12,2
2007-11-13,1
2007-12-04,1
2007-12-05,1
2007-12-08,1
2007-12-09,1
2007-12-10,1
2007-12-15,1
2007-12-25,1
2007-12-26,1
2007-12-30,6
2007-12-31,2
2008-01-01,1
2008-01-02,2
2008-01-03,1
2008-01-05,1
2008-01-08,1
2008-01-15,1
2008-01-25,1
2008-01-29,1
2008-01-31,1
2008-02-05,1
2008-02-07,1
2008-02-09,1
2008-02-13,2
2008-02-16,1
2008-03-12,1
2008-03-16,1
2008-03-17,1
2008-03-18,1
2008-04-02,2
2008-04-07,1
2008-04-09,1
2008-04-16,1
2008-05-07,1
2008-05-28,3
2008-06-20,1
2008-06-21,2
2008-06-22,2
2008-06-23,1
2008-06-26,1
2008-07-06,2
2008-07-23,1
2008-07-27,1
2008-07-29,1
2008-07-30,1
2008-08-03,2
2008-08-13,1
2008-08-21,1
2008-09-22,1
2008-10-01,1
2008-10-09,1
2008-10-16,1
2008-10-25,1
2008-10-29,2
2008-11-03,1
2008-11-05,1
2008-11-08,1
2008-11-10,2
2008-11-12,1
2008-11-15,1
2008-11-19,1
2008-11-27,3
2008-12-03,1
2008-12-04,1
2008-12-05,1
2008-12-08,1
2008-12-09,1
2008-12-10,1
2008-12-16,1
2008-12-17,1
2009-01-06,1
2009-01-07,1
2009-01-09,1
2009-01-12,1
2009-01-19,1
2009-02-08,1
2009-02-10,2
2009-02-14,1
2009-02-16,1
2009-02-17,2
2009-02-19,1
2009-02-20,1
2009-02-25,1
2009-02-26,1
2009-03-01,1
2009-03-02,1
2009-03-05,1
2009-03-12,1
2009-03-16,2
2009-03-19,1
2009-03-22,1
2009-03-31,1
2009-04-04,1
2009-04-06,1
2009-04-11,1
2009-04-14,1
2009-04-19,1
2009-04-21,2
2009-04-26,2
2009-05-19,1
2009-05-23,1
2009-06-06,1
2009-06-13,1
2009-06-16,1
2009-06-17,2
2009-06-23,1
2009-07-03,1
2009-07-12,1
2009-07-13,1
2009-07-14,1
2009-07-15,1
2009-07-22,1
2009-07-23,1
2009-07-26,1
2009-08-06,1
2009-08-12,1
2009-08-29,1
2009-09-10,1
2009-09-11,1
2009-09-15,3
2009-09-17,1
2009-09-21,1
2009-09-22,2
2009-09-28,1
2009-10-01,1
2009-10-05,1
2009-10-08,1
2009-10-17,1
2009-10-21,1
2009-10-24,1
2009-11-12,1
2009-12-03,1
2009-12-08,1
2009-12-13,1
2010-01-04,2
2010-01-05,1
2010-01-06,1
2010-01-07,1
2010-01-11,1
2010-01-13,1
2010-01-15,2
2010-01-18,2
2010-01-19,1
2010-01-24,1
2010-01-25,3
2010-01-26,4
2010-01-27,2
2010-01-28,1
2010-01-29,1
2010-01-31,1
2010-02-02,2
2010-02-03,2
2010-02-04,2
2010-02-08,1
2010-02-09,3
2010-02-12,3
2010-02-13,2
2010-02-14,2
2010-02-15,9
2010-02-16,1
2010-02-18,1
2010-02-19,2
2010-02-22,1
2010-02-25,2
2010-02-27,2
2010-03-06,1
2010-03-07,1
2010-03-08,4
2010-03-09,1
2010-03-10,3
2010-03-11,1
2010-03-13,1
2010-03-16,1
2010-03-17,1
2010-03-18,1
2010-03-19,1
2010-03-22,3
2010-03-25,1
2010-03-27,1
2010-03-28,1
2010-03-29,1
2010-03-30,1
2010-04-05,1
2010-04-06,1
2010-04-07,1
2010-04-09,1
2010-04-10,1
2010-04-11,1
2010-04-12,1
2010-04-14,1
2010-04-15,2
2010-04-17,1
2010-04-21,4
2010-04-22,3
2010-04-23,1
2010-04-24,3
2010-04-25,1
2010-04-26,2
2010-04-27,2
2010-04-29,1
2010-05-04,1
2010-05-10,1
2010-05-15,1
2010-05-17,2
2010-05-18,2
2010-05-25,2
2010-06-03,1
2010-06-07,1
2010-06-08,1
2010-06-13,1
2010-06-16,1
2010-06-17,1
2010-06-29,3
2010-07-01,1
2010-07-02,1
2010-07-03,2
2010-07-04,2
2010-07-05,1
2010-07-06,1
2010-07-08,3
2010-07-10,2
2010-07-12,1
2010-07-13,1
2010-07-14,1
2010-07-15,1
2010-07-16,1
2010-07-17,2
2010-07-18,4
2010-07-19,1
2010-07-21,1
2010-07-22,1
2010-07-23,1
2010-07-24,1
2010-07-26,4
2010-07-30,1
2010-07-31,2
2010-08-01,1
2010-08-02,3
2010-08-03,1
2010-08-04,1
2010-08-08,1
2010-08-09,1
2010-08-13,1
2010-08-14,1
2010-08-18,1
2010-08-19,1
2010-08-20,2
2010-08-23,1
2010-08-25,3
2010-08-26,1
2010-08-30,1
2010-08-31,1
2010-09-01,1
2010-09-02,1
2010-09-07,3
2010-09-14,1
2010-09-17,1
2010-09-20,1
2010-09-27,1
2010-09-30,1
2010-10-01,1
2010-10-02,2
2010-10-04,2
2010-10-05,1
2010-10-09,1
2010-10-11,2
2010-10-15,1
2010-10-16,1
2010-10-17,2
2010-10-18,1
2010-10-19,1
2010-10-20,1
2010-10-21,1
2010-10-23,4
2010-10-25,2
2010-10-26,2
2010-10-27,1
2010-11-03,2
2010-11-07,3
2010-11-12,1
2010-11-16,1
2010-11-19,1
2010-11-20,3
2010-11-24,1
2010-11-29,1
2010-11-30,1
2010-12-04,2
2010-12-08,2
2010-12-14,1
2010-12-15,2
2010-12-16,3
2010-12-19,1
2010-12-20,1
2010-12-21,1
2010-12-22,1
2010-12-23,1
2010-12-26,1
2010-12-29,1
2011-01-01,1
2011-01-03,2
2011-01-05,1
2011-01-08,1
2011-01-09,1
2011-01-11,1
2011-01-12,1
2011-01-13,1
2011-01-15,6
2011-01-17,1
2011-01-18,1
2011-01-19,1
2011-01-21,1
2011-01-23,1
2011-01-27,1
2011-01-28,1
2011-01-29,1
2011-01-30,1
2011-01-31,2
2011-02-02,1
2011-02-04,1
2011-02-07,1
2011-02-08,3
2011-02-10,2
2011-02-11,1
2011-02-12,1
2011-02-13,2
2011-02-14,4
2011-02-15,1
2011-02-18,2
2011-02-19,1
2011-02-20,1
2011-02-21,2
2011-02-24,3
2011-02-25,1
2011-02-26,2
2011-02-27,2
2011-03-01,2
2011-03-03,1
2011-03-07,2
2011-03-08,6
2011-03-12,1
2011-03-17,1
2011-03-21,4
2011-03-24,2
2011-03-25,2
2011-03-27,1
2011-03-30,1
2011-03-31,7
2011-04-01,2
2011-04-03,2
2011-04-04,3
2011-04-05,1
2011-04-06,1
2011-04-07,2
2011-04-09,1
2011-04-11,2
2011-04-12,1
2011-04-14,5
2011-04-15,3
2011-04-16,1
2011-04-17,2
2011-04-18,1
2011-04-19,1
2011-04-21,1
2011-04-23,1
2011-04-27,1
2011-05-01,1
2011-05-02,1
2011-05-03,2
2011-05-05,1
2011-05-07,1
2011-05-08,2
2011-05-09,1
2011-05-14,1
2011-05-15,1
2011-05-18,1
2011-05-19,1
2011-05-21,1
2011-05-24,2
2011-05-27,1
2011-05-30,4
2011-06-01,2
2011-06-02,1
2011-06-03,1
2011-06-04,1
2011-06-06,1
2011-06-08,1
2011-06-10,1
2011-06-11,1
2011-06-12,1
2011-06-13,3
2011-06-14,2
2011-06-15,8
2011-06-16,2
2011-06-17,4
2011-06-18,2
2011-06-20,1
2011-06-21,1
2011-06-22,2
2011-06-23,2
2011-06-24,1
2011-06-25,1
2011-06-26,1
2011-06-29,1
2011-06-30,2
2011-07-01,1
2011-07-05,2
2011-07-07,3
2011-07-09,1
2011-07-11,1
2011-07-15,1
2011-07-16,1
2011-07-21,2
2011-07-22,1
2011-07-23,1
2011-07-24,1
2011-07-26,1
2011-07-27,1
2011-07-28,1
2011-07-29,2
2011-07-30,3
2011-07-31,2
2011-08-01,1
2011-08-02,2
2011-08-03,1
2011-08-05,1
2011-08-06,1
2011-08-09,2
2011-08-11,1
2011-08-14,1
2011-08-15,1
2011-08-18,1
2011-08-19,1
2011-08-21,1
2011-08-23,1
2011-08-24,1
2011-08-29,1
2011-08-30,1
2011-09-01,1
2011-09-04,2
2011-09-08,1
2011-09-12,1
2011-09-14,1
2011-09-15,1
2011-09-16,4
2011-09-21,2
2011-10-01,3
2011-10-02,1
2011-10-03,1
2011-10-05,1
2011-10-06,1
2011-10-07,1
2011-10-09,1
2011-10-10,1
2011-10-13,1
2011-10-14,1
2011-10-15,4
2011-10-17,2
2011-10-18,1
2011-10-19,3
2011-10-21,2
2011-10-23,1
2011-10-26,1
2011-10-28,4
2011-11-01,1
2011-11-02,3
2011-11-05,1
2011-11-08,1
2011-11-15,3
2011-11-17,2
2011-11-22,1
2011-11-23,1
2011-11-26,1
2011-11-27,1
2011-11-28,2
2011-11-30,1
2011-12-02,1
2011-12-05,1
2011-12-06,2
2011-12-07,1
2011-12-08,2
2011-12-10,1
2011-12-13,1
2011-12-14,4
2011-12-15,1
2011-12-17,1
2011-12-18,1
2011-12-19,1
2011-12-20,2
2011-12-21,1
2011-12-22,1
2011-12-24,1
2011-12-26,2
2011-12-28,1
2011-12-29,1
2011-12-30,1
2012-01-01,1
2012-01-02,1
2012-01-04,3
2012-01-05,1
2012-01-06,1
2012-01-07,2
2012-01-11,2
2012-01-12,3
2012-01-15,1
2012-01-18,2
2012-01-20,3
2012-01-21,3
2012-01-22,1
2012-01-23,3
2012-01-24,5
2012-01-29,1
2012-01-30,1
2012-01-31,3
2012-02-01,2
2012-02-03,1
2012-02-04,1
2012-02-05,2
2012-02-06,2
2012-02-07,2
2012-02-09,3
2012-02-10,2
2012-02-11,1
2012-02-12,1
2012-02-14,2
2012-02-15,3
2012-02-16,2
2012-02-17,3
2012-02-18,1
2012-02-20,2
2012-02-21,1
2012-02-23,2
2012-02-27,2
2012-02-28,2
2012-02-29,3
2012-03-01,2
2012-03-04,2
2012-03-05,2
2012-03-06,1
2012-03-07,1
2012-03-08,6
2012-03-09,2
2012-03-11,1
2012-03-12,2
2012-03-13,1
2012-03-14,4
2012-03-15,1
2012-03-17,1
2012-03-19,2
2012-03-20,4
2012-03-21,1
2012-03-22,1
2012-03-23,3
2012-03-24,1
2012-03-25,2
2012-03-30,1
2012-04-01,2
2012-04-02,1
2012-04-03,1
2012-04-05,1
2012-04-07,1
2012-04-08,1
2012-04-09,1
2012-04-11,1
2012-04-15,1
2012-04-17,2
2012-04-18,1
2012-04-19,2
2012-04-20,2
2012-04-22,2
2012-04-23,1
2012-04-24,2
2012-04-26,2
2012-04-28,2
2012-04-30,4
2012-05-01,3
2012-05-02,1
2012-05-05,1
2012-05-06,1
2012-05-09,1
2012-05-12,3
2012-05-13,1
2012-05-14,2
2012-05-15,1
2012-05-16,2
2012-05-17,1
2012-05-18,2
2012-05-20,2
2012-05-21,1
2012-05-22,2
2012-05-23,2
2012-05-24,1
2012-05-26,1
2012-05-28,3
2012-05-29,1
2012-05-31,1
2012-06-01,1
2012-06-02,1
2012-06-03,4
2012-06-04,1
2012-06-05,4
2012-06-06,2
2012-06-07,3
2012-06-08,2
2012-06-09,2
2012-06-10,3
2012-06-11,2
2012-06-12,2
2012-06-13,4
2012-06-14,2
2012-06-15,2
2012-06-16,1
2012-06-17,2
2012-06-18,1
2012-06-19,2
2012-06-20,3
2012-06-21,1
2012-06-22,2
2012-06-23,2
2012-06-24,3
2012-06-25,3
2012-06-27,4
2012-06-28,2
2012-06-29,1
2012-07-02,2
2012-07-04,3
2012-07-05,1
2012-07-07,1
2012-07-09,1
2012-07-10,4
2012-07-12,2
2012-07-13,2
2012-07-14,1
2012-07-16,1
2012-07-17,1
2012-07-20,1
2012-07-21,1
2012-07-23,2
2012-07-24,2
2012-07-27,1
2012-07-31,1
2012-08-01,1
2012-08-02,2
2012-08-03,1
2012-08-04,2
2012-08-07,2
2012-08-08,1
2012-08-09,1
2012-08-10,1
2012-08-11,2
2012-08-12,2
2012-08-13,1
2012-08-15,2
2012-08-17,1
2012-08-18,2
2012-08-19,1
2012-08-21,2
2012-08-24,1
2012-08-25,1
2012-08-26,1
2012-08-27,2
2012-08-28,4
2012-08-29,1
2012-08-30,1
2012-08-31,1
2012-09-01,2
2012-09-04,2
2012-09-05,2
2012-09-06,1
2012-09-09,1
2012-09-10,5
2012-09-11,5
2012-09-12,2
2012-09-13,1
2012-09-15,8
2012-09-16,1
2012-09-18,1
2012-09-19,1
2012-09-20,5
2012-09-24,1
2012-09-26,1
2012-09-28,1
2012-09-30,1
2012-10-01,1
2012-10-02,1
2012-10-03,3
2012-10-04,2
2012-10-05,1
2012-10-06,3
2012-10-07,2
2012-10-08,1
2012-10-09,1
2012-10-10,4
2012-10-11,1
2012-10-14,1
2012-10-15,2
2012-10-17,1
2012-10-19,2
2012-10-20,1
2012-10-21,1
2012-10-23,1
2012-10-25,2
2012-10-26,1
2012-10-27,2
2012-10-28,1
2012-10-29,2
2012-10-30,1
2012-11-01,3
2012-11-02,3
2012-11-03,2
2012-11-05,1
2012-11-06,3
2012-11-07,2
2012-11-08,1
2012-11-09,1
2012-11-10,1
2012-11-12,4
2012-11-13,1
2012-11-17,1
2012-11-18,1
2012-11-19,3
2012-11-20,3
2012-11-21,3
2012-11-22,2
2012-11-23,5
2012-11-24,2
2012-11-25,3
2012-11-26,2
2012-11-27,7
2012-11-28,2
2012-11-29,3
2012-11-30,2
2012-12-01,2
2012-12-02,2
2012-12-03,1
2012-12-04,2
2012-12-05,1
2012-12-06,2
2012-12-07,5
2012-12-09,3
2012-12-10,1
2012-12-12,5
2012-12-13,1
2012-12-14,1
2012-12-16,1
2012-12-17,1
2012-12-18,4
2012-12-19,7
2012-12-20,3
2012-12-21,2
2012-12-22,2
2012-12-23,1
2012-12-24,1
2012-12-25,3
2012-12-26,2
2012-12-27,2
2012-12-28,1
2012-12-30,2
2013-01-01,2
2013-01-03,3
2013-01-04,3
2013-01-05,2
2013-01-07,1
2013-01-08,2
2013-01-10,2
2013-01-11,4
2013-01-14,3
2013-01-15,1
2013-01-16,3
2013-01-17,2
2013-01-18,1
2013-01-19,1
2013-01-21,1
2013-01-22,1
2013-01-23,1
2013-01-24,2
2013-01-25,2
2013-01-26,1
2013-01-27,3
2013-01-28,2
2013-01-29,1
2013-01-30,2
2013-01-31,1
2013-02-03,1
2013-02-05,1
2013-02-06,1
2013-02-07,2
2013-02-08,2
2013-02-09,1
2013-02-11,3
2013-02-12,3
2013-02-13,4
2013-02-14,13
2013-02-15,2
2013-02-16,1
2013-02-17,2
2013-02-19,1
2013-02-20,4
2013-02-21,1
2013-02-22,1
2013-02-25,1
2013-02-26,1
2013-02-28,1
2013-03-01,2
2013-03-03,2
2013-03-04,3
2013-03-06,1
2013-03-07,1
2013-03-08,2
2013-03-09,2
2013-03-12,1
2013-03-13,1
2013-03-14,2
2013-03-15,3
2013-03-19,7
2013-03-20,2
2013-03-21,2
2013-03-22,2
2013-03-23,3
2013-03-24,2
2013-03-25,1
2013-03-26,2
2013-03-27,2
2013-03-28,1
2013-03-29,2
2013-03-30,2
2013-03-31,1
2013-04-01,1
2013-04-03,1
2013-04-04,2
2013-04-05,3
2013-04-06,1
2013-04-07,1
2013-04-08,4
2013-04-10,1
2013-04-11,1
2013-04-13,1
2013-04-14,2
2013-04-18,1
2013-04-19,9
2013-04-20,2
2013-04-21,2
2013-04-22,2
2013-04-23,2
2013-04-26,2
2013-04-27,1
2013-04-28,2
2013-04-29,1
2013-05-01,2
2013-05-03,1
2013-05-04,1
2013-05-05,1
2013-05-06,1
2013-05-08,2
2013-05-10,2
2013-05-13,2
2013-05-14,3
2013-05-20,4
2013-05-21,8
2013-05-22,2
2013-05-24,3
2013-05-25,3
2013-05-27,2
2013-05-28,1
2013-05-29,4
2013-05-30,2
2013-05-31,1
2013-06-03,1
2013-06-05,1
2013-06-06,1
2013-06-07,1
2013-06-09,3
2013-06-10,1
2013-06-11,1
2013-06-12,2
2013-06-13,1
2013-06-14,2
2013-06-15,4
2013-06-17,4
2013-06-18,2
2013-06-19,1
2013-06-20,1
2013-06-21,2
2013-06-23,1
2013-06-26,1
2013-06-27,1
2013-06-28,1
2013-06-29,1
2013-07-01,1
2013-07-02,1
2013-07-04,1
2013-07-09,1
2013-07-10,1
2013-07-12,1
2013-07-13,1
2013-07-15,1
2013-07-16,1
2013-07-18,1
2013-07-20,1
2013-07-21,3
2013-07-22,1
2013-07-23,2
2013-07-26,1
2013-07-27,1
2013-07-30,3
2013-07-31,1
2013-08-01,7
2013-08-02,2
2013-08-03,2
2013-08-04,2
2013-08-05,1
2013-08-06,1
2013-08-07,1
2013-08-08,2
2013-08-09,1
2013-08-10,1
2013-08-11,1
2013-08-12,2
2013-08-13,1
2013-08-14,3
2013-08-16,2
2013-08-17,3
2013-08-18,1
2013-08-19,2
2013-08-20,2
2013-08-21,1
2013-08-23,1
2013-08-25,3
2013-08-26,1
2013-08-28,1
2013-08-29,1
2013-09-01,1
2013-09-02,3
2013-09-03,4
2013-09-04,4
2013-09-05,1
2013-09-06,1
2013-09-07,1
2013-09-10,3
2013-09-11,2
2013-09-12,2
2013-09-13,1
2013-09-15,2
2013-09-16,1
2013-09-17,2
2013-09-18,1
2013-09-19,2
2013-09-20,3
2013-09-21,2
2013-09-22,1
2013-09-23,2
2013-09-24,1
2013-09-25,2
2013-09-28,2
2013-09-29,1
2013-09-30,2
2013-10-01,3
2013-10-02,1
2013-10-03,2
2013-10-05,1
2013-10-08,1
2013-10-09,1
2013-10-10,1
2013-10-11,1
2013-10-12,1
2013-10-13,2
2013-10-14,3
2013-10-15,2
2013-10-16,1
2013-10-17,3
2013-10-19,2
2013-10-20,1
2013-10-21,2
2013-10-22,2
2013-10-23,1
2013-10-24,1
2013-10-26,1
2013-10-27,2
2013-10-29,1
2013-10-30,2
2013-10-31,2
2013-11-01,2
2013-11-02,3
2013-11-03,1
2013-11-06,2
2013-11-07,2
2013-11-08,2
2013-11-10,1
2013-11-11,3
2013-11-12,1
2013-11-13,1
2013-11-14,4
2013-11-15,1
2013-11-17,3
2013-11-19,2
2013-11-20,2
2013-11-21,1
2013-11-22,1
2013-11-23,2
2013-11-25,2
2013-11-26,2
2013-11-27,5
2013-11-29,3
2013-11-30,2
2013-12-01,3
2013-12-04,1
2013-12-05,1
2013-12-06,4
2013-12-08,2
2013-12-09,2
2013-12-10,2
2013-12-11,4
2013-12-12,2
2013-12-13,1
2013-12-14,1
2013-12-16,4
2013-12-17,1
2013-12-18,1
2013-12-19,3
2013-12-20,2
2013-12-22,3
2013-12-23,6
2013-12-24,2
2013-12-25,1
2013-12-26,1
2013-12-28,1
2013-12-30,1
2013-12-31,5
2014-01-01,2
2014-01-02,1
2014-01-03,1
2014-01-04,1
2014-01-05,1
2014-01-06,3
2014-01-07,2
2014-01-08,3
2014-01-10,1
2014-01-11,1
2014-01-12,1
2014-01-13,1
2014-01-14,1
2014-01-16,2
2014-01-19,1
2014-01-20,3
2014-01-21,1
2014-01-22,2
2014-01-25,1
2014-01-26,4
2014-01-27,2
2014-01-28,1
2014-01-29,1
2014-01-31,2
2014-02-01,5
2014-02-03,3
2014-02-06,3
2014-02-07,1
2014-02-09,2
2014-02-11,2
2014-02-12,4
2014-02-14,1
2014-02-15,4
2014-02-16,2
2014-02-18,1
2014-02-19,1
2014-02-20,2
2014-02-21,3
2014-02-23,2
2014-02-24,3
2014-02-25,6
2014-02-26,1
2014-02-28,2
2014-03-01,3
2014-03-02,1
2014-03-03,3
2014-03-04,1
2014-03-05,1
2014-03-06,7
2014-03-08,1
2014-03-10,3
2014-03-11,1
2014-03-12,1
2014-03-14,1
2014-03-15,3
2014-03-16,3
2014-03-17,2
2014-03-18,2
2014-03-19,2
2014-03-20,3
2014-03-22,1
2014-03-23,1
2014-03-26,1
2014-03-27,1
2014-03-28,1
2014-03-29,1
2014-03-30,1
2014-03-31,1
2014-04-01,1
2014-04-03,1
2014-04-06,1
2014-04-08,3
2014-04-10,3
2014-04-13,3
2014-04-14,1
2014-04-15,3
2014-04-16,1
2014-04-17,2
2014-04-18,2
2014-04-20,1
2014-04-22,3
2014-04-25,1
2014-04-26,2
2014-04-27,1
2014-04-28,4
2014-04-29,3
2014-04-30,2
2014-05-01,2
2014-05-03,1
2014-05-04,3
2014-05-05,4
2014-05-06,4
2014-05-07,5
2014-05-08,4
2014-05-09,4
2014-05-11,3
2014-05-12,7
2014-05-13,5
2014-05-14,7
2014-05-15,2
2014-05-16,6
2014-05-17,4
2014-05-18,3
2014-05-19,4
2014-05-21,3
2014-05-22,4
2014-05-23,2
2014-05-24,1
2014-05-25,3
2014-05-26,3
2014-05-27,1
2014-05-28,3
2014-05-29,1
2014-05-31,4
2014-06-01,3
2014-06-03,4
2014-06-04,3
2014-06-07,3
2014-06-09,2
2014-06-10,7
2014-06-14,1
2014-06-15,2
2014-06-17,1
2014-06-18,3
2014-06-20,1
2014-06-21,2
2014-06-23,2
2014-06-24,2
2014-06-25,1
2014-06-26,1
2014-06-27,1
2014-06-28,1
2014-06-30,1
2014-07-01,2
2014-07-04,1
2014-07-05,2
2014-07-06,2
2014-07-07,3
2014-07-08,1
2014-07-09,3
2014-07-10,2
2014-07-12,1
2014-07-13,1
2014-07-14,3
2014-07-15,1
2014-07-16,2
2014-07-17,4
2014-07-19,1
2014-07-20,3
2014-07-21,2
2014-07-22,1
2014-07-23,3
2014-07-24,1
2014-07-26,1
2014-07-27,1
2014-07-28,1
2014-07-30,6
2014-07-31,5
2014-08-02,1
2014-08-06,3
2014-08-07,1
2014-08-09,4
2014-08-10,1
2014-08-11,2
2014-08-12,2
2014-08-13,1
2014-08-14,3
2014-08-15,2
2014-08-16,2
2014-08-18,1
2014-08-20,2
2014-08-21,1
2014-08-22,2
2014-08-23,2
2014-08-24,1
2014-08-25,2
2014-08-27,3
2014-08-28,1
2014-08-29,1
2014-08-30,2
2014-08-31,4
2014-09-01,2
2014-09-04,1
2014-09-05,2
2014-09-06,2
2014-09-07,1
2014-09-08,1
2014-09-10,2
2014-09-11,1
2014-09-12,3
2014-09-13,1
2014-09-14,1
2014-09-15,1
2014-09-16,3
2014-09-17,5
2014-09-18,2
2014-09-20,3
2014-09-21,1
2014-09-22,2
2014-09-26,1
2014-09-27,2
2014-09-29,3
2014-09-30,1
2014-10-04,3
2014-10-06,1
2014-10-07,3
2014-10-09,3
2014-10-10,1
2014-10-12,2
2014-10-13,3
2014-10-15,3
2014-10-16,1
2014-10-18,3
2014-10-20,3
2014-10-21,2
2014-10-26,1
2014-10-28,3
2014-10-29,2
2014-10-30,2
2014-10-31,1
2014-11-01,1
2014-11-02,2
2014-11-03,5
2014-11-04,2
2014-11-05,1
2014-11-06,1
2014-11-07,1
2014-11-08,4
2014-11-10,1
2014-11-12,1
2014-11-14,2
2014-11-15,6
2014-11-17,3
2014-11-19,1
2014-11-21,1
2014-11-22,2
2014-11-24,1
2014-11-25,2
2014-11-26,2
2014-11-27,2
2014-11-29,3
2014-11-30,1
2014-12-01,1
2014-12-02,1
2014-12-03,3
2014-12-04,3
2014-12-06,1
2014-12-07,7
2014-12-08,3
2014-12-09,5
2014-12-10,1
2014-12-12,1
2014-12-14,2
2014-12-15,3
2014-12-16,1
2014-12-18,1
2014-12-19,1
2014-12-22,1
2014-12-23,2
2014-12-24,2
2014-12-25,5
2014-12-27,1
2014-12-28,1
2014-12-29,3
2014-12-30,2
2014-12-31,1
2015-01-02,2
2015-01-03,3
2015-01-04,1
2015-01-05,1
2015-01-06,1
2015-01-07,2
2015-01-08,3
2015-01-09,1
2015-01-10,2
2015-01-11,1
2015-01-12,1
2015-01-13,1
2015-01-14,2
2015-01-15,3
2015-01-16,1
2015-01-19,2
2015-01-20,2
2015-01-21,1
2015-01-22,1
2015-01-24,2
2015-01-26,1
2015-01-28,1
2015-01-29,1
2015-01-30,2
2015-01-31,1
2015-02-01,1
2015-02-02,3
2015-02-03,3
2015-02-04,1
2015-02-07,3
2015-02-08,2
2015-02-09,1
2015-02-11,2
2015-02-13,1
2015-02-14,4
2015-02-19,2
2015-02-21,1
2015-02-22,1
2015-02-23,3
2015-02-24,3
2015-02-25,1
2015-02-26,1
2015-02-27,1
2015-02-28,2
2015-03-01,2
2015-03-02,6
2015-03-03,3
2015-03-04,6
2015-03-05,1
2015-03-06,2
2015-03-07,4
2015-03-08,7
2015-03-11,4
2015-03-12,4
2015-03-13,3
2015-03-14,2
2015-03-16,2
2015-03-17,1
2015-03-18,1
2015-03-19,2
2015-03-21,5
2015-03-22,2
2015-03-23,1
2015-03-24,1
2015-03-25,3
2015-03-28,4
2015-03-29,1
2015-03-30,2
2015-03-31,1
2015-04-01,2
2015-04-03,2
2015-04-05,2
2015-04-06,1
2015-04-07,3
2015-04-08,2
2015-04-09,4
2015-04-10,1
2015-04-11,2
2015-04-12,2
2015-04-13,1
2015-04-14,1
2015-04-15,5
2015-04-16,3
2015-04-17,2
2015-04-18,4
2015-04-19,2
2015-04-20,4
2015-04-21,2
2015-04-22,2
2015-04-23,1
2015-04-24,2
2015-04-25,1
2015-04-27,2
2015-04-28,1
2015-04-29,2
2015-04-30,2
2015-05-01,1
2015-05-03,2
2015-05-04,4
2015-05-05,2
2015-05-06,4
2015-05-07,2
2015-05-08,4
2015-05-09,2
2015-05-10,3
2015-05-11,3
2015-05-12,4
2015-05-13,4
2015-05-14,1
2015-05-15,2
2015-05-16,4
2015-05-17,7
2015-05-18,7
2015-05-19,1
2015-05-20,3
2015-05-21,3
2015-05-22,1
2015-05-25,5
2015-05-26,1
2015-05-27,3
2015-05-28,2
2015-05-30,5
2015-05-31,1
2015-06-01,4
2015-06-02,1
2015-06-03,1
2015-06-04,1
2015-06-05,1
2015-06-06,2
2015-06-07,1
2015-06-08,3
2015-06-09,2
2015-06-10,2
2015-06-12,2
2015-06-13,4
2015-06-14,1
2015-06-15,3
2015-06-16,1
2015-06-17,2
2015-06-18,1
2015-06-20,1
2015-06-21,1
2015-06-22,1
2015-06-23,1
2015-06-26,2
2015-06-27,2
2015-06-28,2
2015-06-29,2
2015-06-30,3
2015-07-02,1
2015-07-04,2
2015-07-05,2
2015-07-06,2
2015-07-07,1
2015-07-08,2
2015-07-09,1
2015-07-12,1
2015-07-13,2
2015-07-14,2
2015-07-15,3
2015-07-16,2
2015-07-19,1
2015-07-20,2
2015-07-22,1
2015-07-23,1
2015-07-26,1
2015-07-27,1
2015-07-28,2
2015-07-29,1
2015-07-30,4
2015-07-31,1
2015-08-01,1
2015-08-02,3
2015-08-03,1
2015-08-04,2
2015-08-05,3
2015-08-06,5
2015-08-07,2
2015-08-08,2
2015-08-10,3
2015-08-11,2
2015-08-12,2
2015-08-14,2
2015-08-15,2
2015-08-16,1
2015-08-17,2
2015-08-18,1
2015-08-19,1
2015-08-20,3
2015-08-21,3
2015-08-22,1
2015-08-24,2
2015-08-26,3
2015-08-27,2
2015-08-28,2
2015-08-29,1
2015-08-31,3
2015-09-03,1
2015-09-04,1
2015-09-05,1
2015-09-06,1
2015-09-07,1
2015-09-08,1
2015-09-09,5
2015-09-10,3
2015-09-13,1
2015-09-14,1
2015-09-15,3
2015-09-20,2
2015-09-21,3
2015-09-22,2
2015-09-24,2
2015-09-25,1
2015-09-26,2
2015-09-27,1
2015-09-28,1
2015-09-29,1
2015-10-03,1
2015-10-05,1
2015-10-06,4
2015-10-07,1
2015-10-08,1
2015-10-11,1
2015-10-12,2
2015-10-13,1
2015-10-14,2
2015-10-15,3
2015-10-16,1
2015-10-17,1
2015-10-19,1
2015-10-20,3
2015-10-21,1
2015-10-22,4
2015-10-24,1
2015-10-25,2
2015-10-26,1
2015-10-27,3
2015-10-28,3
2015-10-29,2
2015-10-30,4
2015-10-31,1
2015-11-01,3
2015-11-02,1
2015-11-03,4
2015-11-04,1
2015-11-05,2
2015-11-07,1
2015-11-08,3
2015-11-09,2
2015-11-10,1
2015-11-11,3
2015-11-12,1
2015-11-13,1
2015-11-14,2
2015-11-15,4
2015-11-16,1
2015-11-17,1
2015-11-18,1
2015-11-19,4
2015-11-20,2
2015-11-22,2
2015-11-23,1
2015-11-24,2
2015-11-25,3
2015-11-26,3
2015-11-28,1
2015-11-29,3
2015-11-30,1
2015-12-01,4
2015-12-02,2
2015-12-03,2
2015-12-04,3
2015-12-05,1
2015-12-06,1
2015-12-07,1
2015-12-09,3
2015-12-10,4
2015-12-11,2
2015-12-12,2
2015-12-13,1
2015-12-15,1
2015-12-16,2
2015-12-17,1
2015-12-18,1
2015-12-19,1
2015-12-20,1
2015-12-21,5
2015-12-22,6
2015-12-23,1
2015-12-24,2
2015-12-25,1
2015-12-26,1
2015-12-27,2
2015-12-28,2
2015-12-30,4
2015-12-31,2
2016-01-01,4
2016-01-02,3
2016-01-03,3
2016-01-04,5
2016-01-05,3
2016-01-06,2
2016-01-07,2
2016-01-08,1
2016-01-09,2
2016-01-10,3
2016-01-11,8
2016-01-13,1
2016-01-14,4
2016-01-15,3
2016-01-16,5
2016-01-17,6
2016-01-18,6
2016-01-19,1
2016-01-20,2
2016-01-21,2
2016-01-22,1
2016-01-23,3
2016-01-24,1
2016-01-25,2
2016-01-26,4
2016-01-27,2
2016-01-28,2
2016-01-29,2
2016-01-30,2
2016-01-31,3
2016-02-01,3
2016-02-02,1
2016-02-03,6
2016-02-04,3
2016-02-05,2
2016-02-06,1
2016-02-07,2
2016-02-08,1
2016-02-09,3
2016-02-10,5
2016-02-11,4
2016-02-12,1
2016-02-13,5
2016-02-14,2
2016-02-15,6
2016-02-16,5
2016-02-17,1
2016-02-18,2
2016-02-19,3
2016-02-20,1
2016-02-21,1
2016-02-23,4
2016-02-24,3
2016-02-27,1
2016-02-28,3
2016-02-29,4
2016-03-01,2
2016-03-02,4
2016-03-03,3
2016-03-04,2
2016-03-05,1
2016-03-06,4
2016-03-07,7
2016-03-08,13
2016-03-09,4
2016-03-10,2
2016-03-11,2
2016-03-12,7
2016-03-13,2
2016-03-14,3
2016-03-15,1
2016-03-16,3
2016-03-18,2
2016-03-19,1
2016-03-21,5
2016-03-22,3
2016-03-23,6
2016-03-24,3
2016-03-25,2
2016-03-26,4
2016-03-27,2
2016-03-28,1
2016-03-29,1
2016-03-30,3
2016-03-31,1
2016-04-01,1
2016-04-02,5
2016-04-03,3
2016-04-04,1
2016-04-05,2
2016-04-06,5
2016-04-07,1
2016-04-09,1
2016-04-10,4
2016-04-11,4
2016-04-12,3
2016-04-13,4
2016-04-14,2
2016-04-15,3
2016-04-16,6
2016-04-17,1
2016-04-18,4
2016-04-19,4
2016-04-20,1
2016-04-21,3
2016-04-22,1
2016-04-23,5
2016-04-24,3
2016-04-25,1
2016-04-26,2
2016-04-27,4
2016-04-28,2
2016-04-29,2
2016-04-30,3
2016-05-01,3
2016-05-02,5
2016-05-03,8
2016-05-04,4
2016-05-05,1
2016-05-06,2
2016-05-07,6
2016-05-08,6
2016-05-09,6
2016-05-10,7
2016-05-11,3
2016-05-12,3
2016-05-13,3
2016-05-14,2
2016-05-15,10
2016-05-16,1
2016-05-17,2
2016-05-18,5
2016-05-20,4
2016-05-21,1
2016-05-22,3
2016-05-23,2
2016-05-25,2
2016-05-26,3
2016-05-27,3
2016-05-28,3
2016-05-29,3
2016-05-30,2
2016-05-31,3
2016-06-01,6
2016-06-02,10
2016-06-03,3
2016-06-04,2
2016-06-05,7
2016-06-06,1
2016-06-07,5
2016-06-08,7
2016-06-09,2
2016-06-10,4
2016-06-11,3
2016-06-12,5
2016-06-13,2
2016-06-14,3
2016-06-15,3
2016-06-16,12
2016-06-17,2
2016-06-18,3
2016-06-19,5
2016-06-20,4
2016-06-21,2
2016-06-22,7
2016-06-23,2
2016-06-25,3
2016-06-26,2
2016-06-27,2
2016-06-28,3
2016-06-29,2
2016-06-30,3
2016-07-01,3
2016-07-02,2
2016-07-03,1
2016-07-04,4
2016-07-05,5
2016-07-06,3
2016-07-07,2
2016-07-08,2
2016-07-10,2
2016-07-11,3
2016-07-12,6
2016-07-13,6
2016-07-14,5
2016-07-15,2
2016-07-16,2
2016-07-17,2
2016-07-18,8
2016-07-19,7
2016-07-20,3
2016-07-21,6
2016-07-23,1
2016-07-24,2
2016-07-25,4
2016-07-26,5
2016-07-27,3
2016-07-28,3
2016-07-29,5
2016-07-30,4
2016-07-31,2
2016-08-01,6
2016-08-02,7
2016-08-03,2
2016-08-04,4
2016-08-06,2
2016-08-08,7
2016-08-09,11
2016-08-10,3
2016-08-11,2
2016-08-12,1
2016-08-13,2
2016-08-14,2
2016-08-15,2
2016-08-16,5
2016-08-17,2
2016-08-18,5
2016-08-19,1
2016-08-20,3
2016-08-21,5
2016-08-22,4
2016-08-23,1
2016-08-24,3
2016-08-25,2
2016-08-26,4
2016-08-27,2
2016-08-28,1
2016-08-29,6
2016-08-30,3
2016-08-31,5
2016-09-01,5
2016-09-02,1
2016-09-03,3
2016-09-04,1
2016-09-05,8
2016-09-06,4
2016-09-07,5
2016-09-08,2
2016-09-09,4
2016-09-10,7
2016-09-11,2
2016-09-12,2
2016-09-13,1
2016-09-14,2
2016-09-15,4
2016-09-16,4
2016-09-17,3
2016-09-18,2
2016-09-19,2
2016-09-20,4
2016-09-21,2
2016-09-22,1
2016-09-23,2
2016-09-24,3
2016-09-25,2
2016-09-26,4
2016-09-27,6
2016-09-28,3
2016-09-29,3
2016-09-30,3
2016-10-01,2
2016-10-02,2
2016-10-03,5
2016-10-04,5
2016-10-05,4
2016-10-08,4
2016-10-09,5
2016-10-10,2
2016-10-11,1
2016-10-12,1
2016-10-13,2
2016-10-14,1
2016-10-15,6
2016-10-17,4
2016-10-18,2
2016-10-19,2
2016-10-20,4
2016-10-21,4
2016-10-22,1
2016-10-23,6
2016-10-24,1
2016-10-25,4
2016-10-26,2
2016-10-27,4
2016-10-28,6
2016-10-29,3
2016-10-30,8
2016-10-31,2
2016-11-01,9
2016-11-02,4
2016-11-03,5
2016-11-04,1
2016-11-05,4
2016-11-06,2
2016-11-07,2
2016-11-08,2
2016-11-09,2
2016-11-11,2
2016-11-12,2
2016-11-13,2
2016-11-14,2
2016-11-15,7
2016-11-16,2
2016-11-17,6
2016-11-18,8
2016-11-19,2
2016-11-20,4
2016-11-21,8
2016-11-22,7
2016-11-23,2
2016-11-24,6
2016-11-25,10
2016-11-26,6
2016-11-27,4
2016-11-28,1
2016-11-29,4
2016-11-30,8
2016-12-01,5
2016-12-02,1
2016-12-03,4
2016-12-04,2
2016-12-05,4
2016-12-06,6
2016-12-07,2
2016-12-08,8
2016-12-09,2
2016-12-10,3
2016-12-11,2
2016-12-12,2
2016-12-13,4
2016-12-14,2
2016-12-15,8
2016-12-16,2
2016-12-17,2
2016-12-18,1
2016-12-19,1
2016-12-20,1
2016-12-21,2
2016-12-22,4
2016-12-23,3
2016-12-24,6
2016-12-25,1
2016-12-26,2
2016-12-27,2
2016-12-29,5
2016-12-31,2
2017-01-01,2
2017-01-02,1
2017-01-04,1
2017-01-05,4
2017-01-06,1
2017-01-07,2
2017-01-08,2
2017-01-09,25
2017-01-10,6
2017-01-11,5
2017-01-12,2
2017-01-13,2
2017-01-14,1
2017-01-15,3
2017-01-16,2
2017-01-18,2
2017-01-19,3
2017-01-20,7
2017-01-21,16
2017-01-22,3
2017-01-23,3
2017-01-24,3
2017-01-25,4
2017-01-26,2
2017-01-27,2
2017-01-28,4
2017-01-29,1
2017-01-31,2
2017-02-01,6
2017-02-02,4
2017-02-03,2
2017-02-04,3
2017-02-05,1
2017-02-06,4
2017-02-07,3
2017-02-08,1
2017-02-09,3
2017-02-10,2
2017-02-11,2
2017-02-12,3
2017-02-13,5
2017-02-14,1
2017-02-15,12
2017-02-16,3
2017-02-17,1
2017-02-18,2
2017-02-19,2
2017-02-20,1
2017-02-21,2
2017-02-22,3
2017-02-23,7
2017-02-24,1
2017-02-25,5
2017-02-26,1
2017-02-27,3
2017-02-28,1
2017-03-01,4
2017-03-02,9
2017-03-03,2
2017-03-04,1
2017-03-05,7
2017-03-06,11
2017-03-07,3
2017-03-08,10
2017-03-09,7
2017-03-10,2
2017-03-12,6
2017-03-13,4
2017-03-14,3
2017-03-15,4
2017-03-16,2
2017-03-17,2
2017-03-18,2
2017-03-19,6
2017-03-20,7
2017-03-21,1
2017-03-22,11
2017-03-23,4
2017-03-24,3
2017-03-25,4
2017-03-26,5
2017-03-27,5
2017-03-28,2
2017-03-29,1
2017-03-30,6
2017-03-31,11
2017-04-01,6
2017-04-02,8
2017-04-03,24
2017-04-04,6
2017-04-05,24
2017-04-06,4
2017-04-07,5
2017-04-08,17
2017-04-09,7
2017-04-10,1
2017-04-11,8
2017-04-12,6
2017-04-13,1
2017-04-14,3
2017-04-15,8
2017-04-16,7
2017-04-17,11
2017-04-18,1
2017-04-19,4
2017-04-20,5
2017-04-21,2
2017-04-22,3
2017-04-23,7
2017-04-24,3
2017-04-25,1
2017-04-26,7
2017-04-28,4
2017-04-29,2
2017-04-30,5
2017-05-01,3
2017-05-02,5
2017-05-03,4
2017-05-04,3
2017-05-05,8
2017-05-06,3
2017-05-07,11
2017-05-08,7
2017-05-09,3
2017-05-10,3
2017-05-11,3
2017-05-12,5
2017-05-13,2
2017-05-14,5
2017-05-15,18
2017-05-16,18
2017-05-17,16
2017-05-18,6
2017-05-19,17
2017-05-20,5
2017-05-21,3
2017-05-22,15
2017-05-23,8
2017-05-24,8
2017-05-25,6
2017-05-26,4
2017-05-27,3
2017-05-28,1
2017-05-29,3
2017-05-30,4
2017-05-31,8
2017-06-01,3
2017-06-02,4
2017-06-03,1
2017-06-04,4
2017-06-06,5
2017-06-07,6
2017-06-08,6
2017-06-09,2
2017-06-10,8
2017-06-11,2
2017-06-12,4
2017-06-13,1
2017-06-14,7
2017-06-15,2
2017-06-16,9
2017-06-17,2
2017-06-18,2
2017-06-19,4
2017-06-20,4
2017-06-21,2
2017-06-22,3
2017-06-23,1
2017-06-24,2
2017-06-25,2
2017-06-26,1
2017-06-27,3
2017-06-28,3
2017-06-29,2
2017-06-30,3
2017-07-01,1
2017-07-02,3
2017-07-03,2
2017-07-04,2
2017-07-05,3
2017-07-07,1
2017-07-08,2
2017-07-09,6
2017-07-10,5
2017-07-11,4
2017-07-12,1
2017-07-13,2
2017-07-14,3
2017-07-15,5
2017-07-16,2
2017-07-17,2
2017-07-18,3
2017-07-19,2
2017-07-20,1
2017-07-21,1
2017-07-22,2
2017-07-23,6
2017-07-24,1
2017-07-25,4
2017-07-26,3
2017-07-27,2
2017-07-28,1
2017-07-29,4
2017-07-30,1
2017-07-31,2
2017-08-01,3
2017-08-02,2
2017-08-03,10
2017-08-04,3
2017-08-05,6
2017-08-06,2
2017-08-07,2
2017-08-08,3
2017-08-09,3
2017-08-10,1
2017-08-11,1
2017-08-13,3
2017-08-14,1
2017-08-15,5
2017-08-16,5
2017-08-17,4
2017-08-18,1
2017-08-19,2
2017-08-20,3
2017-08-21,2
2017-08-22,33
2017-08-23,3
2017-08-27,4
2017-08-28,6
2017-08-29,5
2017-08-30,4
2017-08-31,20
2017-09-01,5
2017-09-02,6
2017-09-04,5
2017-09-05,6
2017-09-06,6
2017-09-07,5
2017-09-08,3
2017-09-09,1
2017-09-10,2
2017-09-11,3
2017-09-12,5
2017-09-13,1
2017-09-14,2
2017-09-15,5
2017-09-16,1
2017-09-17,4
2017-09-18,2
2017-09-19,2
2017-09-20,4
2017-09-21,2
2017-09-22,4
2017-09-23,3
2017-09-24,4
2017-09-25,2
2017-09-26,3
2017-09-27,5
2017-09-28,2
2017-09-29,2
2017-09-30,3
2017-10-01,3
2017-10-02,5
2017-10-03,4
2017-10-04,6
2017-10-05,4
2017-10-06,3
2017-10-07,4
2017-10-08,8
2017-10-09,3
2017-10-10,8
2017-10-11,4
2017-10-12,1
2017-10-13,13
2017-10-14,6
2017-10-15,3
2017-10-16,8
2017-10-17,4
2017-10-18,8
2017-10-19,3
2017-10-20,2
2017-10-21,2
2017-10-22,4
2017-10-23,3
2017-10-24,2
2017-10-25,5
2017-10-26,2
2017-10-27,7
2017-10-28,3
2017-10-29,3
2017-10-30,1
2017-10-31,2
2017-11-01,1
2017-11-02,3
2017-11-03,1
2017-11-04,4
2017-11-05,1
2017-11-06,4
2017-11-07,3
2017-11-08,3
2017-11-09,3
2017-11-10,6
2017-11-11,5
2017-11-12,3
2017-11-13,3
2017-11-14,2
2017-11-15,1
2017-11-16,2
2017-11-17,1
2017-11-18,3
2017-11-19,1
2017-11-20,2
2017-11-21,5
2017-11-22,8
2017-11-23,1
2017-11-24,4
2017-11-25,4
2017-11-26,2
2017-11-27,2
2017-11-28,5
2017-11-29,2
2017-11-30,3
2017-12-01,2
2017-12-02,5
2017-12-03,2
2017-12-04,3
2017-12-05,2
2017-12-06,4
2017-12-07,1
2017-12-08,2
2017-12-09,5
2017-12-10,1
2017-12-11,1
2017-12-12,2
2017-12-13,2
2017-12-14,2
2017-12-15,3
2017-12-16,5
2017-12-17,1
2017-12-18,1
2017-12-19,3
2017-12-20,2
2017-12-21,1
2017-12-23,2
2017-12-25,2
2017-12-26,4
2017-12-27,3
2017-12-28,3
2017-12-30,3
2018-01-01,9
2018-01-02,8
2018-01-03,11
2018-01-04,12
2018-01-05,7
2018-01-06,11
2018-01-07,3
2018-01-08,10
2018-01-09,14
2018-01-10,13
2018-01-11,15
2018-01-12,6
2018-01-13,9
2018-01-14,14
2018-01-15,6
2018-01-16,17
2018-01-17,30
2018-01-18,13
2018-01-19,15
2018-01-20,13
2018-01-21,11
2018-01-22,13
2018-01-23,13
2018-01-24,9
2018-01-25,16
2018-01-26,12
2018-01-27,9
2018-01-28,17
2018-01-29,10
2018-01-30,17
2018-01-31,11
2018-02-01,21
2018-02-02,11
2018-02-03,7
2018-02-04,9
2018-02-05,15
2018-02-06,13
2018-02-07,15
2018-02-08,14
2018-02-09,5
2018-02-10,8
2018-02-11,6
2018-02-12,12
2018-02-13,6
2018-02-14,13
2018-02-15,12
2018-02-16,13
2018-02-17,13
2018-02-18,14
2018-02-19,17
2018-02-20,11
2018-02-21,5
2018-02-22,11
2018-02-23,17
2018-02-24,13
2018-02-25,12
2018-02-26,14
2018-02-27,17
2018-02-28,16
2018-03-01,22
2018-03-02,15
2018-03-03,17
2018-03-04,16
2018-03-05,31
2018-03-06,19
2018-03-07,37
2018-03-08,212
2018-03-09,17
2018-03-10,14
2018-03-11,23
2018-03-12,13
2018-03-13,12
2018-03-14,15
2018-03-15,34
2018-03-16,21
2018-03-17,11
2018-03-18,10
2018-03-19,11
2018-03-20,14
2018-03-21,11
2018-03-22,15
2018-03-23,14
2018-03-24,12
2018-03-25,5
2018-03-26,18
2018-03-27,6
2018-03-28,14
2018-03-29,13
2018-03-30,9
2018-03-31,10
2018-04-01,8
2018-04-02,13
2018-04-03,8
2018-04-04,17
2018-04-05,17
2018-04-06,9
2018-04-07,14
2018-04-08,9
2018-04-09,11
2018-04-10,11
2018-04-11,17
2018-04-12,12
2018-04-13,13
2018-04-14,9
2018-04-15,21
2018-04-16,16
2018-04-17,18
2018-04-18,9
2018-04-19,18
2018-04-20,12
2018-04-21,16
2018-04-22,12
2018-04-23,12
2018-04-24,12
2018-04-25,13
2018-04-26,12
2018-04-27,12
2018-04-28,10
2018-04-29,9
2018-04-30,15
2018-05-01,14
2018-05-02,16
2018-05-03,12
2018-05-04,9
2018-05-05,13
2018-05-06,16
2018-05-07,17
2018-05-08,14
2018-05-09,16
2018-05-10,20
2018-05-11,19
2018-05-12,7
2018-05-13,2
2018-05-14,18
2018-05-15,20
2018-05-16,23
2018-05-17,20
2018-05-18,13
2018-05-19,10
2018-05-20,6
2018-05-21,8
2018-05-22,11
2018-05-23,16
2018-05-24,15
2018-05-25,10
2018-05-26,15
2018-05-27,8
2018-05-28,25
2018-05-29,10
2018-05-30,26
2018-05-31,15
2018-06-01,17
2018-06-02,14
2018-06-03,15
2018-06-04,24
2018-06-05,12
2018-06-06,21
2018-06-07,14
2018-06-08,10
2018-06-09,13
2018-06-10,4
2018-06-11,18
2018-06-12,28
2018-06-13,20
2018-06-14,9
2018-06-15,18
2018-06-16,8
2018-06-17,7
2018-06-18,10
2018-06-19,17
2018-06-20,13
2018-06-21,17
2018-06-22,11
2018-06-23,7
2018-06-24,6
2018-06-25,14
2018-06-26,20
2018-06-27,21
2018-06-28,21
2018-06-29,7
2018-06-30,13
2018-07-01,13
2018-07-02,13
2018-07-03,19
2018-07-04,12
2018-07-05,8
2018-07-06,8
2018-07-07,13
2018-07-08,4
2018-07-09,7
2018-07-10,19
2018-07-11,13
2018-07-12,13
2018-07-13,8
2018-07-14,15
2018-07-15,11
2018-07-16,13
2018-07-17,15
2018-07-18,13
2018-07-19,13
2018-07-20,12
2018-07-21,13
2018-07-22,12
2018-07-23,13
2018-07-24,24
2018-07-25,19
2018-07-26,16
2018-07-27,10
2018-07-28,10
2018-07-29,12
2018-07-30,8
2018-07-31,18
2018-08-01,18
2018-08-02,18
2018-08-03,30
2018-08-04,10
2018-08-05,12
2018-08-06,11
2018-08-07,14
2018-08-08,29
2018-08-09,19
2018-08-10,12
2018-08-11,23
2018-08-12,8
2018-08-13,12
2018-08-14,18
2018-08-15,8
2018-08-16,22
2018-08-17,10
2018-08-18,14
2018-08-19,13
2018-08-20,12
2018-08-21,12
2018-08-22,16
2018-08-23,9
2018-08-24,11
2018-08-25,14
2018-08-26,9
2018-08-27,16
2018-08-28,15
2018-08-29,21
2018-08-30,20
2018-08-31,10
2018-09-01,12
2018-09-02,15
2018-09-03,21
2018-09-04,17
2018-09-05,15
2018-09-06,16
2018-09-07,8
2018-09-08,19
2018-09-09,5
2018-09-10,17
2018-09-11,7
2018-09-12,17
2018-09-13,15
2018-09-14,6
2018-09-15,11
2018-09-16,13
2018-09-17,21
2018-09-18,14
2018-09-19,16
2018-09-20,14
2018-09-21,11
2018-09-22,12
2018-09-23,12
2018-09-24,17
2018-09-25,9
2018-09-26,10
2018-09-27,9
2018-09-28,27
2018-09-29,20
2018-09-30,10
2018-10-01,13
2018-10-02,18
2018-10-03,13
2018-10-04,14
2018-10-05,10
2018-10-06,18
2018-10-07,17
2018-10-08,7
2018-10-09,19
2018-10-10,11
2018-10-11,10
2018-10-12,10
2018-10-13,12
2018-10-14,11
2018-10-15,21
2018-10-16,12
2018-10-17,16
2018-10-18,20
2018-10-19,18
2018-10-20,20
2018-10-21,10
2018-10-22,11
2018-10-23,11
2018-10-24,8
2018-10-25,12
2018-10-26,11
2018-10-27,19
2018-10-28,13
2018-10-29,9
2018-10-30,18
2018-10-31,12
2018-11-01,13
2018-11-02,13
2018-11-03,15
2018-11-04,12
2018-11-05,18
2018-11-06,13
2018-11-07,11
2018-11-08,13
2018-11-09,9
2018-11-10,12
2018-11-11,7
2018-11-12,16
2018-11-13,19
2018-11-14,14
2018-11-15,18
2018-11-16,8
2018-11-17,18
2018-11-18,16
2018-11-19,11
2018-11-20,7
2018-11-21,14
2018-11-22,22
2018-11-23,22
2018-11-24,17
2018-11-25,48
2018-11-26,37
2018-11-27,24
2018-11-28,26
2018-11-29,16
2018-11-30,19
2018-12-01,11
2018-12-02,29
2018-12-03,23
2018-12-04,54
2018-12-05,34
2018-12-06,18
2018-12-07,18
2018-12-08,14
2018-12-09,11
2018-12-10,12
2018-12-11,18
2018-12-12,19
2018-12-13,20
2018-12-14,10
2018-12-15,27
2018-12-16,11
2018-12-17,19
2018-12-18,10
2018-12-19,10
2018-12-20,16
2018-12-21,5
2018-12-22,13
2018-12-23,8
2018-12-24,10
2018-12-25,9
2018-12-26,13
2018-12-27,10
2018-12-28,13
2018-12-29,12
2018-12-30,6
2018-12-31,6
2019-01-01,13
2019-01-02,10
2019-01-03,6
2019-01-04,6
2019-01-05,5
2019-01-06,6
2019-01-07,9
2019-01-08,12
2019-01-09,11
2019-01-10,20
2019-01-11,6
2019-01-12,7
2019-01-13,8
2019-01-14,15
2019-01-15,16
2019-01-16,11
2019-01-17,13
2019-01-18,3
2019-01-19,12
2019-01-20,8
2019-01-21,25
2019-01-22,15
2019-01-23,19
2019-01-24,5
2019-01-25,14
2019-01-26,12
2019-01-27,8
2019-01-28,13
2019-01-29,14
2019-01-30,21
2019-01-31,15
2019-02-01,11
2019-02-02,15
2019-02-03,13
2019-02-04,19
2019-02-05,20
2019-02-06,21
2019-02-07,22
2019-02-08,21
2019-02-09,19
2019-02-10,13
2019-02-11,18
2019-02-12,12
2019-02-13,12
2019-02-14,33
2019-02-15,20
2019-02-16,10
2019-02-17,9
2019-02-18,12
2019-02-19,22
2019-02-20,11
2019-02-21,18
2019-02-22,9
2019-02-23,19
2019-02-24,13
2019-02-25,18
2019-02-26,14
2019-02-27,19
2019-02-28,14
2019-03-01,20
2019-03-02,22
2019-03-03,17
2019-03-04,18
2019-03-05,16
2019-03-06,19
2019-03-07,41
2019-03-08,201
2019-03-09,16
2019-03-10,17
2019-03-11,16
2019-03-12,23
2019-03-13,17
2019-03-14,23
2019-03-15,19
2019-03-16,20
2019-03-17,8
2019-03-18,18
2019-03-19,13
2019-03-20,9
2019-03-21,14
2019-03-22,9
2019-03-23,9
2019-03-24,8
2019-03-25,19
2019-03-26,9
2019-03-27,15
2019-03-28,4
2019-03-29,8
2019-03-30,9
2019-03-31,5
2019-04-01,8
2019-04-02,10
2019-04-03,9
2019-04-04,11
2019-04-05,16
2019-04-06,10
2019-04-07,8
2019-04-08,8
2019-04-09,6
2019-04-10,14
2019-04-11,18
2019-04-12,9
2019-04-13,15
2019-04-14,14
2019-04-15,14
2019-04-16,2
2019-04-17,8
2019-04-18,11
2019-04-19,13
2019-04-20,14
2019-04-21,15
2019-04-22,11
2019-04-23,15
2019-04-24,21
2019-04-25,29
2019-04-26,15
2019-04-27,15
2019-04-28,12
2019-04-29,8
2019-04-30,10
2019-05-01,23
2019-05-02,18
2019-05-03,23
2019-05-04,7
2019-05-05,9
2019-05-06,9
2019-05-07,15
2019-05-08,8
2019-05-09,19
2019-05-10,22
2019-05-11,18
2019-05-12,16
2019-05-13,30
2019-05-14,15
2019-05-15,20
2019-05-16,19
2019-05-17,15
2019-05-18,13
2019-05-19,11
2019-05-20,15
2019-05-21,26
2019-05-22,14
2019-05-23,15
2019-05-24,6
2019-05-25,12
2019-05-26,10
2019-05-27,18
2019-05-28,13
2019-05-29,21
2019-05-30,22
2019-05-31,21
2019-06-01,17
2019-06-02,12
2019-06-03,29
2019-06-04,17
2019-06-05,10
2019-06-06,14
2019-06-07,14
2019-06-08,11
2019-06-09,8
2019-06-10,22
2019-06-11,25
2019-06-12,6
2019-06-13,8
2019-06-14,8
2019-06-15,26
2019-06-16,7
2019-06-17,18
2019-06-18,16
2019-06-19,16
2019-06-20,11
2019-06-21,17
2019-06-22,13
2019-06-23,11
2019-06-24,12
2019-06-25,15
2019-06-26,16
2019-06-27,13
2019-06-28,16
2019-06-29,11
2019-06-30,11
2019-07-01,12
2019-07-02,15
2019-07-03,20
2019-07-04,27
2019-07-05,14
2019-07-06,16
2019-07-07,13
2019-07-08,14
2019-07-09,17
2019-07-10,24
2019-07-11,21
2019-07-12,17
2019-07-13,7
2019-07-14,10
2019-07-15,18
2019-07-16,13
2019-07-17,18
2019-07-18,17
2019-07-19,17
2019-07-20,14
2019-07-21,8
2019-07-22,20
2019-07-23,17
2019-07-24,45
2019-07-25,17
2019-07-26,12
2019-07-27,11
2019-07-28,17
2019-07-29,14
2019-07-30,15
2019-07-31,15
2019-08-01,15
2019-08-02,9
2019-08-03,17
2019-08-04,13
2019-08-05,21
2019-08-06,13
2019-08-07,17
2019-08-08,22
2019-08-09,20
2019-08-10,12
2019-08-11,26
2019-08-12,13
2019-08-13,19
2019-08-14,16
2019-08-15,19
2019-08-16,33
2019-08-17,19
2019-08-18,24
2019-08-19,20
2019-08-20,13
2019-08-21,21
2019-08-22,22
2019-08-23,24
2019-08-24,16
2019-08-25,14
2019-08-26,21
2019-08-27,30
2019-08-28,22
2019-08-29,13
2019-08-30,18
2019-08-31,19
2019-09-01,16
2019-09-02,12
2019-09-03,34
2019-09-04,21
2019-09-05,19
2019-09-06,19
2019-09-07,16
2019-09-08,16
2019-09-09,21
2019-09-10,12
2019-09-11,37
2019-09-12,17
2019-09-13,17
2019-09-14,19
2019-09-15,13
2019-09-16,20
2019-09-17,22
2019-09-18,19
2019-09-19,21
2019-09-20,42
2019-09-21,10
2019-09-22,12
2019-09-23,13
2019-09-24,85
2019-09-25,14
2019-09-26,34
2019-09-27,29
2019-09-28,69
2019-09-29,9
2019-09-30,23
2019-10-01,22
2019-10-02,16
2019-10-03,13
2019-10-04,15
2019-10-05,12
2019-10-06,16
2019-10-07,17
2019-10-08,26
2019-10-09,12
2019-10-10,22
2019-10-11,26
2019-10-12,14
2019-10-13,16
2019-10-14,17
2019-10-15,17
2019-10-16,21
2019-10-17,13
2019-10-18,15
2019-10-19,37
2019-10-20,8
2019-10-21,15
2019-10-22,11
2019-10-23,15
2019-10-24,21
2019-10-25,23
2019-10-26,11
2019-10-27,9
2019-10-28,19
2019-10-29,10
2019-10-30,12
2019-10-31,25
2019-11-01,20
2019-11-02,18
2019-11-03,13
2019-11-04,21
2019-11-05,14
2019-11-06,27
2019-11-07,18
2019-11-08,17
2019-11-09,22
2019-11-10,19
2019-11-11,36
2019-11-12,20
2019-11-13,20
2019-11-14,22
2019-11-15,14
2019-11-16,12
2019-11-17,15
2019-11-18,14
2019-11-19,25
2019-11-20,11
2019-11-21,7
2019-11-22,15
2019-11-23,21
2019-11-24,23
2019-11-25,133
2019-11-26,15
2019-11-27,16
2019-11-28,15
2019-11-29,38
2019-11-30,25
2019-12-01,35
2019-12-02,74
2019-12-03,41
2019-12-04,33
2019-12-05,20
2019-12-06,23
2019-12-07,30
2019-12-08,55
2019-12-09,29
2019-12-10,19
2019-12-11,37
2019-12-12,20
2019-12-13,20
2019-12-14,16
2019-12-15,13
2019-12-16,19
2019-12-17,14
2019-12-18,19
2019-12-19,22
2019-12-20,18
2019-12-21,14
2019-12-22,12
2019-12-23,6
2019-12-24,16
2019-12-25,12
2019-12-26,11
2019-12-27,9
2019-12-28,13
2019-12-29,12
2019-12-30,10
2019-12-31,9
2020-01-01,8
2020-01-02,16
2020-01-03,22
2020-01-04,26
2020-01-05,12
2020-01-06,19
2020-01-07,22
2020-01-08,24
2020-01-09,23
2020-01-10,21
2020-01-11,46
2020-01-12,20
2020-01-13,25
2020-01-14,17
2020-01-15,20
2020-01-16,18
2020-01-17,22
2020-01-18,212
2020-01-19,29
2020-01-20,18
2020-01-21,26
2020-01-22,25
2020-01-23,19
2020-01-24,37
2020-01-25,26
2020-01-26,20
2020-01-27,13
2020-01-28,22
2020-01-29,18
2020-01-30,17
2020-01-31,21
2020-02-01,25
2020-02-02,16
2020-02-03,20
2020-02-04,30
2020-02-05,24
2020-02-06,35
2020-02-07,30
2020-02-08,28
2020-02-09,11
2020-02-10,13
2020-02-11,52
2020-02-12,18
2020-02-13,26
2020-02-14,101
2020-02-15,42
2020-02-16,25
2020-02-17,16
2020-02-18,27
2020-02-19,39
2020-02-20,27
2020-02-21,21
2020-02-22,16
2020-02-23,19
2020-02-24,31
2020-02-25,18
2020-02-26,17
2020-02-27,17
2020-02-28,19
2020-02-29,13
2020-03-01,18
2020-03-02,18
2020-03-03,13
2020-03-04,31
2020-03-05,18
2020-03-06,52
2020-03-07,61
2020-03-08,584
2020-03-09,98
2020-03-10,32
2020-03-11,17
2020-03-12,21
2020-03-13,12
2020-03-14,12
2020-03-15,11
2020-03-16,14
2020-03-17,13
2020-03-18,10
2020-03-19,10
2020-03-20,8
2020-03-21,4
2020-03-22,9
2020-03-23,6
2020-03-24,13
2020-03-25,14
2020-03-26,8
2020-03-27,5
2020-03-28,6
2020-03-29,7
2020-03-30,20
2020-03-31,10
2020-04-01,9
2020-04-02,14
2020-04-03,8
2020-04-04,10
2020-04-05,4
2020-04-06,11
2020-04-07,6
2020-04-08,12
2020-04-09,11
2020-04-10,8
2020-04-11,6
2020-04-12,7
2020-04-13,10
2020-04-14,10
2020-04-15,31
2020-04-16,18
2020-04-17,12
2020-04-18,15
2020-04-19,9
2020-04-20,9
2020-04-21,9
2020-04-22,13
2020-04-23,8
2020-04-24,12
2020-04-25,8
2020-04-26,6
2020-04-27,20
2020-04-28,8
2020-04-29,14
2020-04-30,10
2020-05-01,29
2020-05-02,7
2020-05-03,10
2020-05-04,14
2020-05-05,13
2020-05-06,28
2020-05-07,8
2020-05-08,15
2020-05-09,7
2020-05-10,9
2020-05-11,17
2020-05-12,15
2020-05-13,17
2020-05-14,20
2020-05-15,16
2020-05-16,16
2020-05-17,10
2020-05-18,25
2020-05-19,33
2020-05-20,15
2020-05-21,21
2020-05-22,11
2020-05-23,13
2020-05-24,15
2020-05-25,6
2020-05-26,7
2020-05-27,22
2020-05-28,13
2020-05-29,12
2020-05-30,15
2020-05-31,14
2020-06-01,57
2020-06-02,19
2020-06-03,52
2020-06-04,22
2020-06-05,27
2020-06-06,18
2020-06-07,13
2020-06-08,18
2020-06-09,32
2020-06-10,24
2020-06-11,10
2020-06-12,24
2020-06-13,12
2020-06-14,28
2020-06-15,28
2020-06-16,26
2020-06-17,14
2020-06-18,21
2020-06-19,11
2020-06-20,18
2020-06-21,13
2020-06-22,18
2020-06-23,24
2020-06-24,13
2020-06-25,24
2020-06-26,37
2020-06-27,33
2020-06-28,10
2020-06-29,20
2020-06-30,18
2020-07-01,23
2020-07-02,18
2020-07-03,26
2020-07-04,38
2020-07-05,28
2020-07-06,31
2020-07-07,28
2020-07-08,24
2020-07-09,21
2020-07-10,37
2020-07-11,43
2020-07-12,25
2020-07-13,27
2020-07-14,22
2020-07-15,23
2020-07-16,23
2020-07-17,19
2020-07-18,30
2020-07-19,16
2020-07-20,15
2020-07-21,35
2020-07-22,57
2020-07-23,41
2020-07-24,41
2020-07-25,27
2020-07-26,19
2020-07-27,22
2020-07-28,24
2020-07-29,16
2020-07-30,15
2020-07-31,17
2020-08-01,35
2020-08-02,15
2020-08-03,16
2020-08-04,11
2020-08-05,27
2020-08-06,37
2020-08-07,21
2020-08-08,25
2020-08-09,20
2020-08-10,15
2020-08-11,31
2020-08-12,24
2020-08-13,22
2020-08-14,22
2020-08-15,19
2020-08-16,14
2020-08-17,27
2020-08-18,22
2020-08-19,33
2020-08-20,35
2020-08-21,25
2020-08-22,15
2020-08-23,14
2020-08-24,25
2020-08-25,22
2020-08-26,24
2020-08-27,19
2020-08-28,19
2020-08-29,26
2020-08-30,16
2020-08-31,21
2020-09-01,31
2020-09-02,21
2020-09-03,27
2020-09-04,22
2020-09-05,34
2020-09-06,14
2020-09-07,33
2020-09-08,19
2020-09-09,26
2020-09-10,30
2020-09-11,46
2020-09-12,38
2020-09-13,24
2020-09-14,32
2020-09-15,34
2020-09-16,25
2020-09-17,31
2020-09-18,20
2020-09-19,21
2020-09-20,13
2020-09-21,26
2020-09-22,25
2020-09-23,23
2020-09-24,19
2020-09-25,23
2020-09-26,35
2020-09-27,13
2020-09-28,73
2020-09-29,23
2020-09-30,26
2020-10-01,39
2020-10-02,43
2020-10-03,30
2020-10-04,25
2020-10-05,17
2020-10-06,32
2020-10-07,44
2020-10-08,38
2020-10-09,36
2020-10-10,46
2020-10-11,33
2020-10-12,26
2020-10-13,37
2020-10-14,23
2020-10-15,32
2020-10-16,15
2020-10-17,124
2020-10-18,23
2020-10-19,40
2020-10-20,18
2020-10-21,38
2020-10-22,30
2020-10-23,51
2020-10-24,80
2020-10-25,151
2020-10-26,185
2020-10-27,79
2020-10-28,180
2020-10-29,70
2020-10-30,115
2020-10-31,54
2020-11-01,32
2020-11-02,58
2020-11-03,36
2020-11-04,50
2020-11-05,27
2020-11-06,52
2020-11-07,59
2020-11-08,41
2020-11-09,44
2020-11-10,21
2020-11-11,36
2020-11-12,23
2020-11-13,31
2020-11-14,27
2020-11-15,34
2020-11-16,27
2020-11-17,17
2020-11-18,29
2020-11-19,23
2020-11-20,21
2020-11-21,42
2020-11-22,35
2020-11-23,20
2020-11-24,16
2020-11-25,171
2020-11-26,48
2020-11-27,23
2020-11-28,61
2020-11-29,12
2020-11-30,45
2020-12-01,15
2020-12-02,32
2020-12-03,15
2020-12-04,33
2020-12-05,20
2020-12-06,13
2020-12-07,20
2020-12-08,23
2020-12-09,25
2020-12-10,36
2020-12-11,37
2020-12-12,31
2020-12-13,26
2020-12-14,28
2020-12-15,16
2020-12-16,19
2020-12-17,16
2020-12-18,19
2020-12-19,25
2020-12-20,13
2020-12-21,25
2020-12-22,12
2020-12-23,14
2020-12-24,14
2020-12-25,8
2020-12-26,6
2020-12-27,9
2020-12-28,13
2020-12-29,20
2020-12-30,27
2020-12-31,20
2021-01-01,14
2021-01-02,16
2021-01-03,15
2021-01-04,20
2021-01-05,32
2021-01-06,48
2021-01-07,27
2021-01-08,14
2021-01-09,17
2021-01-10,14
2021-01-11,46
2021-01-12,21
2021-01-13,21
2021-01-14,21
2021-01-15,30
2021-01-16,17
2021-01-17,15
2021-01-18,37
2021-01-19,26
2021-01-20,42
2021-01-21,27
2021-01-22,20
2021-01-23,32
2021-01-24,17
2021-01-25,26
2021-01-26,20
2021-01-27,55
2021-01-28,56
2021-01-29,53
2021-01-30,38
2021-01-31,30
2021-02-01,31
2021-02-02,26
2021-02-03,33
2021-02-04,21
2021-02-05,30
2021-02-06,53
2021-02-07,35
2021-02-08,17
2021-02-09,34
2021-02-10,29
2021-02-11,52
2021-02-12,30
2021-02-13,27
2021-02-14,34
2021-02-15,36
2021-02-16,31
2021-02-17,29
2021-02-18,22
2021-02-19,22
2021-02-20,35
2021-02-21,54
2021-02-22,26
2021-02-23,28
2021-02-24,25
2021-02-25,22
2021-02-26,23
2021-02-27,39
2021-02-28,25
2021-03-01,36
2021-03-02,86
2021-03-03,27
2021-03-04,29
2021-03-05,26
2021-03-06,49
2021-03-07,82
2021-03-08,619
2021-03-09,33
2021-03-10,29
2021-03-11,38
2021-03-12,35
2021-03-13,24
2021-03-14,24
2021-03-15,52
2021-03-16,28
2021-03-17,23
2021-03-18,34
2021-03-19,40
2021-03-20,50
2021-03-21,23
2021-03-22,32
2021-03-23,30
2021-03-24,29
2021-03-25,27
2021-03-26,31
2021-03-27,37
2021-03-28,24
2021-03-29,38
2021-03-30,36
2021-03-31,28
2021-04-01,27
2021-04-02,30
2021-04-03,15
2021-04-04,9
2021-04-05,13
2021-04-06,31
2021-04-07,31
2021-04-08,27
2021-04-09,29
2021-04-10,20
2021-04-11,45
2021-04-12,18
2021-04-13,12
2021-04-14,27
2021-04-15,22
2021-04-16,19
2021-04-17,26
2021-04-18,20
2021-04-19,21
2021-04-20,30
2021-04-21,22
2021-04-22,28
2021-04-23,21
2021-04-24,27
2021-04-25,21
2021-04-26,28
2021-04-27,23
2021-04-28,38
2021-04-29,23
2021-04-30,30
2021-05-01,38
2021-05-02,20
2021-05-03,23
2021-05-04,27
2021-05-05,33
2021-05-06,13
2021-05-07,26
2021-05-08,24
2021-05-09,23
2021-05-10,31
2021-05-11,51
2021-05-12,36
2021-05-13,21
2021-05-14,25
2021-05-15,26
2021-05-16,22
2021-05-17,29
2021-05-18,21
2021-05-19,23
2021-05-20,25
2021-05-21,30
2021-05-22,27
2021-05-23,20
2021-05-24,26
2021-05-25,28
2021-05-26,32
2021-05-27,27
2021-05-28,32
2021-05-29,23
2021-05-30,17
2021-05-31,23
2021-06-01,25
2021-06-02,28
2021-06-03,50
2021-06-04,32
2021-06-05,33
2021-06-06,17
2021-06-07,18
2021-06-08,28
2021-06-09,32
2021-06-10,24
2021-06-11,113
2021-06-12,33
2021-06-13,22
2021-06-14,34
2021-06-15,35
2021-06-16,34
2021-06-17,36
2021-06-18,35
2021-06-19,26
2021-06-20,38
2021-06-21,28
2021-06-22,28
2021-06-23,23
2021-06-24,26
2021-06-25,24
2021-06-26,39
2021-06-27,17
2021-06-28,24
2021-06-29,18
2021-06-30,33
2021-07-01,62
2021-07-02,20
2021-07-03,18
2021-07-04,22
2021-07-05,27
2021-07-06,14
2021-07-07,37
2021-07-08,18
2021-07-09,30
2021-07-10,25
2021-07-11,32
2021-07-12,23
2021-07-13,17
2021-07-14,32
2021-07-15,34
2021-07-16,34
2021-07-17,34
2021-07-18,23
2021-07-19,27
2021-07-20,18
2021-07-21,24
2021-07-22,27
2021-07-23,35
2021-07-24,16
2021-07-25,14
2021-07-26,21
2021-07-27,22
2021-07-28,19
2021-07-29,21
2021-07-30,22
2021-07-31,20
2021-08-01,16
2021-08-02,32
2021-08-03,32
2021-08-04,22
2021-08-05,20
2021-08-06,23
2021-08-07,19
2021-08-08,13
2021-08-09,31
2021-08-10,16
2021-08-11,23
2021-08-12,12
2021-08-13,20
2021-08-14,26
2021-08-15,28
2021-08-16,22
2021-08-17,13
2021-08-18,23
2021-08-19,27
2021-08-20,30
2021-08-21,18
2021-08-22,23
2021-08-23,25
2021-08-24,27
2021-08-25,27
2021-08-26,26
2021-08-27,24
2021-08-28,27
2021-08-29,18
2021-08-30,17
2021-08-31,24
2021-09-01,43
2021-09-02,28
2021-09-03,29
2021-09-04,21
2021-09-05,18
2021-09-06,27
2021-09-07,31
2021-09-08,34
2021-09-09,27
2021-09-10,27
2021-09-11,36
2021-09-12,30
2021-09-13,19
2021-09-14,24
2021-09-15,34
2021-09-16,21
2021-09-17,21
2021-09-18,37
2021-09-19,24
2021-09-20,37
2021-09-21,33
2021-09-22,25
2021-09-23,23
2021-09-24,37
2021-09-25,39
2021-09-26,28
2021-09-27,30
2021-09-28,59
2021-09-29,27
2021-09-30,17
2021-10-01,27
2021-10-02,336
2021-10-03,22
2021-10-04,27
2021-10-05,32
2021-10-06,22
2021-10-07,22
2021-10-08,28
2021-10-09,25
2021-10-10,31
2021-10-11,41
2021-10-12,20
2021-10-13,27
2021-10-14,25
2021-10-15,29
2021-10-16,21
2021-10-17,29
2021-10-18,31
2021-10-19,21
2021-10-20,33
2021-10-21,63
2021-10-22,44
2021-10-23,32
2021-10-24,19
2021-10-25,42
2021-10-26,33
2021-10-27,24
2021-10-28,21
2021-10-29,28
2021-10-30,25
2021-10-31,19
2021-11-01,42
2021-11-02,24
2021-11-03,33
2021-11-04,26
2021-11-05,45
2021-11-06,76
2021-11-07,32
2021-11-08,44
2021-11-09,26
2021-11-10,35
2021-11-11,57
2021-11-12,32
2021-11-13,22
2021-11-14,29
2021-11-15,40
2021-11-16,28
2021-11-17,27
2021-11-18,25
2021-11-19,34
2021-11-20,56
2021-11-21,35
2021-11-22,31
2021-11-23,25
2021-11-24,34
2021-11-25,298
2021-11-26,31
2021-11-27,49
2021-11-28,32
2021-11-29,22
2021-11-30,24
2021-12-01,65
2021-12-02,26
2021-12-03,23
2021-12-04,45
2021-12-05,20
2021-12-06,29
2021-12-07,19
2021-12-08,33
2021-12-09,31
2021-12-10,48
2021-12-11,51
2021-12-12,17
2021-12-13,31
2021-12-14,23
2021-12-15,18
2021-12-16,26
2021-12-17,25
2021-12-18,17
2021-12-19,22
2021-12-20,21
2021-12-21,23
2021-12-22,22
2021-12-23,19
2021-12-24,39
2021-12-25,7
2021-12-26,16
2021-12-27,22
2021-12-28,24
2021-12-29,23
2021-12-30,16
2021-12-31,12
2022-01-01,9
2022-01-02,10
2022-01-03,29
2022-01-04,18
2022-01-05,18
2022-01-06,50
2022-01-07,23
2022-01-08,23
2022-01-09,17
2022-01-10,26
2022-01-11,35
2022-01-12,33
2022-01-13,27
2022-01-14,13
2022-01-15,21
2022-01-16,21
2022-01-17,27
2022-01-18,21
2022-01-19,25
2022-01-20,19
2022-01-21,27
2022-01-22,39
2022-01-23,17
2022-01-24,30
2022-01-25,18
2022-01-26,20
2022-01-27,24
2022-01-28,25
2022-01-29,24
2022-01-30,11
2022-01-31,39
2022-02-01,27
2022-02-02,18
2022-02-03,22
2022-02-04,26
2022-02-05,50
2022-02-06,16
2022-02-07,35
2022-02-08,32
2022-02-09,40
2022-02-10,33
2022-02-11,43
2022-02-12,43
2022-02-13,42
2022-02-14,76
2022-02-15,42
2022-02-16,42
2022-02-17,40
2022-02-18,32
2022-02-19,28
2022-02-20,17
2022-02-21,27
2022-02-22,32
2022-02-23,23
2022-02-24,27
2022-02-25,34
2022-02-26,32
2022-02-27,38
2022-02-28,31
2022-03-01,34
2022-03-02,37
2022-03-03,31
2022-03-04,35
2022-03-05,60
2022-03-06,65
2022-03-07,50
2022-03-08,614
2022-03-09,43
2022-03-10,26
2022-03-11,47
2022-03-12,40
2022-03-13,29
2022-03-14,30
2022-03-15,59
2022-03-16,37
2022-03-17,30
2022-03-18,30
2022-03-19,26
2022-03-20,26
2022-03-21,26
2022-03-22,25
2022-03-23,31
2022-03-24,30
2022-03-25,37
2022-03-26,32
2022-03-27,19
2022-03-28,31
2022-03-29,29
2022-03-30,28
2022-03-31,37
2022-04-01,38
2022-04-02,29
2022-04-03,19
2022-04-04,29
2022-04-05,20
2022-04-06,25
2022-04-07,26
2022-04-08,17
2022-04-09,36
2022-04-10,48
2022-04-11,52
2022-04-12,23
2022-04-13,28
2022-04-14,29
2022-04-15,27
2022-04-16,27
2022-04-17,15
2022-04-18,21
2022-04-19,25
2022-04-20,24
2022-04-21,21
2022-04-22,32
2022-04-23,24
2022-04-24,41
2022-04-25,28
2022-04-26,29
2022-04-27,38
2022-04-28,34
2022-04-29,33
2022-04-30,20
2022-05-01,41
2022-05-02,22
2022-05-03,184
2022-05-04,51
2022-05-05,77
2022-05-06,57
2022-05-07,78
2022-05-08,74
2022-05-09,67
2022-05-10,57
2022-05-11,62
2022-05-12,70
2022-05-13,56
2022-05-14,240
2022-05-15,61
2022-05-16,32
2022-05-17,29
2022-05-18,37
2022-05-19,32
2022-05-20,26
2022-05-21,52
2022-05-22,26
2022-05-23,24
2022-05-24,36
2022-05-25,32
2022-05-26,33
2022-05-27,27
2022-05-28,50
2022-05-29,20
2022-05-30,26
2022-05-31,31
2022-06-01,34
2022-06-02,27
2022-06-03,64
2022-06-04,47
2022-06-05,29
2022-06-06,28
2022-06-07,29
2022-06-08,33
2022-06-09,28
2022-06-10,34
2022-06-11,89
2022-06-12,29
2022-06-13,26
2022-06-14,46
2022-06-15,39
2022-06-16,21
2022-06-17,26
2022-06-18,26
2022-06-19,19
2022-06-20,17
2022-06-21,24
2022-06-22,31
2022-06-23,28
2022-06-24,305
2022-06-25,143
2022-06-26,100
2022-06-27,81
2022-06-28,54
2022-06-29,59
2022-06-30,48
2022-07-01,69
2022-07-02,101
2022-07-03,49
2022-07-04,113
2022-07-05,33
2022-07-06,42
2022-07-07,42
2022-07-08,31
2022-07-09,65
2022-07-10,47
2022-07-11,30
2022-07-12,32
2022-07-13,49
2022-07-14,30
2022-07-15,32
2022-07-16,36
2022-07-17,17
2022-07-18,20
2022-07-19,22
2022-07-20,28
2022-07-21,31
2022-07-22,29
2022-07-23,33
2022-07-24,15
2022-07-25,25
2022-07-26,26
2022-07-27,101
2022-07-28,25
2022-07-29,24
2022-07-30,25
2022-07-31,21
2022-08-01,33
2022-08-02,22
2022-08-03,26
2022-08-04,24
2022-08-05,35
2022-08-06,29
2022-08-07,13
2022-08-08,30
2022-08-09,20
2022-08-10,15
2022-08-11,20
2022-08-12,15
2022-08-13,23
2022-08-14,21
2022-08-15,26
2022-08-16,25
2022-08-17,16
2022-08-18,22
2022-08-19,28
2022-08-20,18
2022-08-21,22
2022-08-22,20
2022-08-23,21
2022-08-24,24
2022-08-25,24
2022-08-26,29
2022-08-27,26
2022-08-28,18
2022-08-29,34
2022-08-30,31
2022-08-31,24
2022-09-01,39
2022-09-02,34
2022-09-03,19
2022-09-04,13
2022-09-05,36
2022-09-06,30
2022-09-07,32
2022-09-08,25
2022-09-09,21
2022-09-10,30
2022-09-11,31
2022-09-12,30
2022-09-13,21
2022-09-14,24
2022-09-15,40
2022-09-16,25
2022-09-17,25
2022-09-18,26
2022-09-19,57
2022-09-20,73
2022-09-21,118
2022-09-22,97
2022-09-23,75
2022-09-24,122
2022-09-25,87
2022-09-26,61
2022-09-27,67
2022-09-28,130
2022-09-29,57
2022-09-30,47
2022-10-01,155
2022-10-02,75
2022-10-03,61
2022-10-04,80
2022-10-05,49
2022-10-06,53
2022-10-07,47
2022-10-08,192
2022-10-09,64
2022-10-10,48
2022-10-11,50
2022-10-12,68
2022-10-13,45
2022-10-14,59
2022-10-15,79
2022-10-16,52
2022-10-17,52
2022-10-18,29
2022-10-19,51
2022-10-20,44
2022-10-21,30
2022-10-22,112
2022-10-23,44
2022-10-24,51
2022-10-25,39
2022-10-26,94
2022-10-27,40
2022-10-28,43
2022-10-29,125
2022-10-30,58
2022-10-31,44
2022-11-01,42
2022-11-02,37
2022-11-03,42
2022-11-04,42
2022-11-05,52
2022-11-06,50
2022-11-07,39
2022-11-08,38
2022-11-09,35
2022-11-10,37
2022-11-11,44
2022-11-12,65
2022-11-13,31
2022-11-14,29
2022-11-15,68
2022-11-16,62
2022-11-17,38
2022-11-18,51
2022-11-19,117
2022-11-20,46
2022-11-21,34
2022-11-22,27
2022-11-23,41
2022-11-24,50
2022-11-25,284
2022-11-26,65
2022-11-27,48
2022-11-28,35
2022-11-29,21
2022-11-30,80
2022-12-01,31
2022-12-02,33
2022-12-03,41
2022-12-04,25
2022-12-05,41
2022-12-06,54
2022-12-07,41
2022-12-08,43
2022-12-09,42
2022-12-10,64
2022-12-11,45
2022-12-12,37
2022-12-13,30
2022-12-14,19
2022-12-15,30
2022-12-16,22
2022-12-17,37
2022-12-18,20
2022-12-19,29
2022-12-20,30
2022-12-21,35
2022-12-22,22
2022-12-23,28
2022-12-24,33
2022-12-25,20
2022-12-26,18
2022-12-27,16
2022-12-28,14
2022-12-29,23
2022-12-30,22
2022-12-31,21
2023-01-01,23
2023-01-02,14
2023-01-03,16
2023-01-04,25
2023-01-05,20
2023-01-06,23
2023-01-07,39
2023-01-08,64
2023-01-09,38
2023-01-10,30
2023-01-11,37
2023-01-12,23
2023-01-13,29
2023-01-14,29
2023-01-15,26
2023-01-16,32
2023-01-17,24
2023-01-18,20
2023-01-19,22
2023-01-20,35
2023-01-21,35
2023-01-22,94
2023-01-23,24
2023-01-24,25
2023-01-25,32
2023-01-26,29
2023-01-27,31
2023-01-28,31
2023-01-29,20
2023-01-30,31
2023-01-31,24
2023-02-01,31
2023-02-02,23
2023-02-03,27
2023-02-04,25
2023-02-05,24
2023-02-06,35
2023-02-07,24
2023-02-08,22
2023-02-09,21
2023-02-10,30
2023-02-11,46
2023-02-12,29
2023-02-13,25
2023-02-14,40
2023-02-15,24
2023-02-16,30
2023-02-17,22
2023-02-18,22
2023-02-19,19
2023-02-20,22
2023-02-21,25
2023-02-22,24
2023-02-23,28
2023-02-24,29
2023-02-25,32
2023-02-26,24
2023-02-27,32
2023-02-28,27
2023-03-01,29
2023-03-02,18
2023-03-03,34
2023-03-04,55
2023-03-05,71
2023-03-06,72
2023-03-07,87
2023-03-08,673
2023-03-09,37
2023-03-10,47
2023-03-11,60
2023-03-12,35
2023-03-13,30
2023-03-14,37
2023-03-15,31
2023-03-16,24
2023-03-17,24
2023-03-18,36
2023-03-19,29
2023-03-20,32
2023-03-21,29
2023-03-22,32
2023-03-23,33
2023-03-24,30
2023-03-25,21
2023-03-26,27
2023-03-27,29
2023-03-28,23
2023-03-29,27
2023-03-30,15
2023-03-31,25
2023-04-01,30
2023-04-02,24
2023-04-03,28
2023-04-04,24
2023-04-05,44
2023-04-06,24
2023-04-07,29
2023-04-08,33
2023-04-09,24
2023-04-10,23
2023-04-11,31
2023-04-12,19
2023-04-13,17
2023-04-14,44
2023-04-15,47
2023-04-16,30
2023-04-17,30
2023-04-18,34
2023-04-19,33
2023-04-20,26
2023-04-21,23
2023-04-22,29
2023-04-23,12
2023-04-24,19
2023-04-25,37
2023-04-26,33
2023-04-27,24
2023-04-28,26
2023-04-29,24
2023-04-30,21
2023-05-01,47
2023-05-02,27
2023-05-03,37
2023-05-04,37
2023-05-05,46
2023-05-06,34
2023-05-07,40
2023-05-08,25
2023-05-09,41
2023-05-10,43
2023-05-11,52
2023-05-12,27
2023-05-13,72
2023-05-14,25
2023-05-15,30
2023-05-16,45
2023-05-17,25
2023-05-18,57
2023-05-19,39
2023-05-20,42
2023-05-21,26
2023-05-22,33
2023-05-23,28
2023-05-24,31
2023-05-25,32
2023-05-26,26
2023-05-27,18
2023-05-28,32
2023-05-29,30
2023-05-30,23
2023-05-31,29
2023-06-01,33
2023-06-02,44
2023-06-03,59
2023-06-04,25
2023-06-05,54
2023-06-06,35
2023-06-07,47
2023-06-08,27
2023-06-09,37
2023-06-10,30
2023-06-11,27
2023-06-12,44
2023-06-13,35
2023-06-14,69
2023-06-15,47
2023-06-16,30
2023-06-17,65
2023-06-18,29
2023-06-19,44
2023-06-20,33
2023-06-21,30
2023-06-22,42
2023-06-23,30
2023-06-24,46
2023-06-25,18
2023-06-26,23
2023-06-27,14
2023-06-28,31
2023-06-29,27
2023-06-30,18
2023-07-01,44
2023-07-02,27
2023-07-03,33
2023-07-04,25
2023-07-05,26
2023-07-06,35
2023-07-07,39
2023-07-08,24
2023-07-09,19
2023-07-10,32
2023-07-11,58
2023-07-12,35
2023-07-13,21
2023-07-14,27
2023-07-15,35
2023-07-16,19
2023-07-17,25
2023-07-18,29
2023-07-19,43
2023-07-20,30
2023-07-21,82
2023-07-22,49
2023-07-23,29
2023-07-24,52
2023-07-25,58
2023-07-26,66
2023-07-27,159
2023-07-28,44
2023-07-29,26
2023-07-30,25
2023-07-31,63
2023-08-01,34
2023-08-02,37
2023-08-03,32
2023-08-04,25
2023-08-05,18
2023-08-06,12
2023-08-07,37
2023-08-08,26
2023-08-09,32
2023-08-10,33
2023-08-11,44
2023-08-12,31
2023-08-13,24
2023-08-14,34
2023-08-15,30
2023-08-16,24
2023-08-17,34
2023-08-18,21
2023-08-19,29
2023-08-20,19
2023-08-21,42
2023-08-22,25
2023-08-23,32
2023-08-24,35
2023-08-25,39
2023-08-26,33
2023-08-27,25
2023-08-28,40
2023-08-29,36
2023-08-30,38
2023-08-31,16
2023-09-01,44
2023-09-02,34
2023-09-03,24
2023-09-04,32
2023-09-05,31
2023-09-06,24
2023-09-07,29
2023-09-08,37
2023-09-09,22
2023-09-10,30
2023-09-11,29
2023-09-12,28
2023-09-13,41
2023-09-14,29
2023-09-15,37
2023-09-16,89
2023-09-17,16
2023-09-18,43
2023-09-19,34
2023-09-20,21
2023-09-21,38
2023-09-22,32
2023-09-23,37
2023-09-24,16
2023-09-25,18
2023-09-26,27
2023-09-27,44
2023-09-28,82
2023-09-29,22
2023-09-30,23
2023-10-01,27
2023-10-02,23
2023-10-03,70
2023-10-04,29
2023-10-05,28
2023-10-06,26
2023-10-07,26
2023-10-08,19
2023-10-09,29
2023-10-10,22
2023-10-11,45
2023-10-12,34
2023-10-13,176
2023-10-14,20
2023-10-15,37
2023-10-16,35
2023-10-17,28
2023-10-18,37
2023-10-19,20
2023-10-20,28
2023-10-21,30
2023-10-22,29
2023-10-23,38
2023-10-24,31
2023-10-25,34
2023-10-26,24
2023-10-27,27
2023-10-28,38
2023-10-29,25
2023-10-30,16
2023-10-31,25
2023-11-01,51
2023-11-02,28
2023-11-03,32
2023-11-04,33
2023-11-05,12
2023-11-06,26
2023-11-07,26
2023-11-08,28
2023-11-09,24
2023-11-10,24
2023-11-11,25
2023-11-12,26
2023-11-13,18
2023-11-14,24
2023-11-15,42
2023-11-16,18
2023-11-17,23
2023-11-18,47
2023-11-19,13
2023-11-20,35
2023-11-21,28
2023-11-22,32
2023-11-23,33
2023-11-24,72
2023-11-25,288
2023-11-26,26
2023-11-27,25
2023-11-28,23
2023-11-29,24
2023-11-30,19
2023-12-01,21
2023-12-02,18
2023-12-03,21
2023-12-04,27
2023-12-05,29
2023-12-06,27
2023-12-07,25
2023-12-08,24
2023-12-09,22
2023-12-10,24
2023-12-11,30
2023-12-12,23
2023-12-13,12
2023-12-14,31
2023-12-15,25
2023-12-16,60
2023-12-17,16
2023-12-18,14
2023-12-19,13
2023-12-20,33
2023-12-21,21
2023-12-22,27
2023-12-23,11
2023-12-24,14
2023-12-25,15
2023-12-26,19
2023-12-27,19
2023-12-28,16
2023-12-29,23
2023-12-30,19
2023-12-31,13
2024-01-01,11
2024-01-02,10
2024-01-03,39
2024-01-04,11
2024-01-05,20
2024-01-06,20
2024-01-07,18
2024-01-08,27
2024-01-09,24
2024-01-10,12
2024-01-11,58
2024-01-12,37
2024-01-13,18
2024-01-14,17
2024-01-15,27
2024-01-16,17
2024-01-17,30
2024-01-18,35
2024-01-19,24
2024-01-20,47
2024-01-21,34
2024-01-22,28
2024-01-23,29
2024-01-24,33
2024-01-25,17
2024-01-26,30
2024-01-27,35
2024-01-28,14
2024-01-29,25
2024-01-30,20
2024-01-31,18
2024-02-01,22
2024-02-02,23
2024-02-03,24
2024-02-04,18
2024-02-05,22
2024-02-06,26
2024-02-07,21
2024-02-08,32
2024-02-09,25
2024-02-10,23
2024-02-11,40
2024-02-12,16
2024-02-13,25
2024-02-14,68
2024-02-15,80
2024-02-16,38
2024-02-17,37
2024-02-18,21
2024-02-19,24
2024-02-20,17
2024-02-21,29
2024-02-22,18
2024-02-23,21
2024-02-24,30
2024-02-25,20
2024-02-26,18
2024-02-27,44
2024-02-28,52
2024-02-29,36
2024-03-01,47
2024-03-02,46
2024-03-03,48
2024-03-04,31
2024-03-05,26
2024-03-06,28
2024-03-07,48
2024-03-08,642
2024-03-09,46
2024-03-10,27
2024-03-11,28
2024-03-12,22
2024-03-13,23
2024-03-14,46
2024-03-15,27
2024-03-16,26
2024-03-17,39
2024-03-18,29
2024-03-19,38
2024-03-20,21
2024-03-21,24
2024-03-22,33
2024-03-23,33
2024-03-24,35
2024-03-25,33
2024-03-26,31
2024-03-27,20
2024-03-28,16
2024-03-29,20
2024-03-30,18
2024-03-31,17
2024-04-01,18
2024-04-02,21
2024-04-03,25
2024-04-04,22
2024-04-05,29
2024-04-06,29
2024-04-07,14
2024-04-08,24
2024-04-09,31
2024-04-10,24
2024-04-11,28
2024-04-12,33
2024-04-13,39
2024-04-14,16
2024-04-15,26
2024-04-16,23
2024-04-17,29
2024-04-18,26
2024-04-19,37
2024-04-20,18
2024-04-21,22
2024-04-22,14
2024-04-23,23
2024-04-24,29
2024-04-25,15
2024-04-26,26
2024-04-27,33
2024-04-28,33
2024-04-29,17
2024-04-30,17
2024-05-01,42
2024-05-02,29
2024-05-03,30
2024-05-04,22
2024-05-05,45
2024-05-06,29
2024-05-07,23
2024-05-08,27
2024-05-09,25
2024-05-10,79
2024-05-11,56
2024-05-12,44
2024-05-13,31
2024-05-14,28
2024-05-15,41
2024-05-16,33
2024-05-17,30
2024-05-18,16
2024-05-19,26
2024-05-20,21
2024-05-21,20
2024-05-22,20
2024-05-23,23
2024-05-24,23
2024-05-25,40
2024-05-26,31
2024-05-27,12
2024-05-28,15
2024-05-29,24
2024-05-30,19
2024-05-31,18
2024-06-01,26
2024-06-02,30
2024-06-03,33
2024-06-04,17
2024-06-05,22
2024-06-06,15
2024-06-07,34
2024-06-08,31
2024-06-09,21
2024-06-10,27
2024-06-11,30
2024-06-12,31
2024-06-13,26
2024-06-14,35
2024-06-15,27
2024-06-16,21
2024-06-17,13
2024-06-18,22
2024-06-19,24
2024-06-20,25
2024-06-21,24
2024-06-22,38
2024-06-23,71
2024-06-24,73
2024-06-25,28
2024-06-26,24
2024-06-27,43
2024-06-28,26
2024-06-29,35
2024-06-30,24
2024-07-01,28
2024-07-02,22
2024-07-03,13
2024-07-04,15
2024-07-05,26
2024-07-06,26
2024-07-07,13
2024-07-08,27
2024-07-09,18
2024-07-10,26
2024-07-11,27
2024-07-12,39
2024-07-13,29
2024-07-14,13
2024-07-15,25
2024-07-16,25
2024-07-17,40
2024-07-18,29
2024-07-19,24
2024-07-20,33
2024-07-21,21
2024-07-22,24
2024-07-23,23
2024-07-24,35
2024-07-25,31
2024-07-26,25
2024-07-27,38
2024-07-28,25
2024-07-29,22
2024-07-30,27
2024-07-31,34
2024-08-01,69
2024-08-02,27
2024-08-03,38
2024-08-04,9
2024-08-05,26
2024-08-06,20
2024-08-07,29
2024-08-08,18
2024-08-09,29
2024-08-10,29
2024-08-11,28
2024-08-12,19
2024-08-13,25
2024-08-14,19
2024-08-15,22
2024-08-16,36
2024-08-17,37
2024-08-18,21
2024-08-19,24
2024-08-20,31
2024-08-21,23
2024-08-22,26
2024-08-23,26
2024-08-24,18
2024-08-25,19
2024-08-26,23
2024-08-27,27
2024-08-28,32
2024-08-29,24
2024-08-30,30
2024-08-31,27
2024-09-01,17
2024-09-02,19
2024-09-03,46
2024-09-04,42
2024-09-05,18
2024-09-06,27
2024-09-07,145
2024-09-08,31
2024-09-09,48
2024-09-10,40
2024-09-11,31
2024-09-12,37
2024-09-13,31
2024-09-14,52
2024-09-15,27
2024-09-16,23
2024-09-17,13
2024-09-18,26
2024-09-19,28
2024-09-20,27
2024-09-21,62
2024-09-22,25
2024-09-23,27
2024-09-24,19
2024-09-25,17
2024-09-26,22
2024-09-27,17
2024-09-28,56
2024-09-29,18
2024-09-30,35
2024-10-01,13
2024-10-02,24
2024-10-03,31
2024-10-04,42
2024-10-05,23
2024-10-06,15
2024-10-07,74
2024-10-08,21
2024-10-09,28
2024-10-10,29
2024-10-11,37
2024-10-12,30
2024-10-13,28
2024-10-14,24
2024-10-15,25
2024-10-16,22
2024-10-17,28
2024-10-18,20
2024-10-19,42
2024-10-20,13
2024-10-21,26
2024-10-22,21
2024-10-23,13
2024-10-24,34
2024-10-25,23
2024-10-26,18
2024-10-27,14
2024-10-28,26
2024-10-29,22
2024-10-30,18
2024-10-31,18
2024-11-01,17
2024-11-02,37
2024-11-03,12
2024-11-04,20
2024-11-05,25
2024-11-06,21
2024-11-07,19
2024-11-08,25
2024-11-09,33
2024-11-10,22
2024-11-11,26
2024-11-12,30
2024-11-13,22
2024-11-14,24
2024-11-15,21
2024-11-16,21
2024-11-17,30
2024-11-18,27
2024-11-19,22
2024-11-20,39
2024-11-21,35
2024-11-22,32
2024-11-23,80
2024-11-24,25
2024-11-25,259
2024-11-26,17
2024-11-27,25
2024-11-28,19
2024-11-29,20
